player_id,live_seconds,dist_ft,mean_speed,p95_speed,max_speed,frames,dist_miles,live_minutes,game_id,side,team_id,team_abbrev,player,jersey,position,game
201587,2418.450000000001,15251.101186767299,6.322868832144662,15.01888256705242,24.789605572609556,60464,2.888466133857443,40.30750000000002,0021500492,visitor,1610612766,CHA,Nicolas Batum,5,G-F,01.01.2016.CHA.at.TOR
200768,2386.250000000001,13787.713562325805,5.7923388626251215,13.726062811776877,24.830950668693035,59655,2.61130938680413,39.77083333333335,0021500492,home,1610612761,TOR,Kyle Lowry,7,G,01.01.2016.CHA.at.TOR
202689,2109.4100000000008,13198.482472336886,6.2754177896773,14.537262605555725,24.863628653388908,52741,2.4997125894577437,35.156833333333346,0021500492,visitor,1610612766,CHA,Kemba Walker,15,G,01.01.2016.CHA.at.TOR
201942,2128.370000000001,12680.934471714454,5.973900026657754,14.293689422709216,23.142207145290108,53216,2.4016921347944042,35.47283333333335,0021500492,home,1610612761,TOR,DeMar DeRozan,10,G,01.01.2016.CHA.at.TOR
203469,1736.4600000000005,11022.28414471606,6.36472491389052,16.167425869622257,24.95112442354768,43413,2.0875538152871327,28.941000000000006,0021500492,visitor,1610612766,CHA,Cody Zeller,40,C-F,01.01.2016.CHA.at.TOR
1626163,1574.4600000000007,10540.775414309684,6.717648756768009,15.555233733380385,24.819900727528495,39366,1.9963589799828947,26.24100000000001,0021500492,visitor,1610612766,CHA,Frank Kaminsky,44,C,01.01.2016.CHA.at.TOR
203087,1615.7100000000007,10356.089963253582,6.424365864035482,15.033739490312882,24.921485253157645,40395,1.9613806748586329,26.92850000000001,0021500492,visitor,1610612766,CHA,Jeremy Lamb,3,G,01.01.2016.CHA.at.TOR
101107,1533.8000000000004,9529.747990089152,6.2293672489708785,14.727503040647424,24.592694546625083,38348,1.8048765132744606,25.56333333333334,0021500492,visitor,1610612766,CHA,Marvin Williams,2,F,01.01.2016.CHA.at.TOR
202685,1392.0800000000004,8679.380288822556,6.251323063842437,15.377041866440269,24.943191210807743,34806,1.6438220243982113,23.201333333333338,0021500492,home,1610612761,TOR,Jonas Valanciunas,17,C,01.01.2016.CHA.at.TOR
202687,1389.0800000000008,8659.790468034484,6.248769029544254,14.87579870965214,24.994949100902403,34724,1.640111831067137,23.151333333333348,0021500492,home,1610612761,TOR,Bismack Biyombo,8,C-F,01.01.2016.CHA.at.TOR
201960,1453.6100000000006,8619.421125020417,5.946166300381799,14.088993314831166,24.652777637573646,36345,1.6324661221629577,24.226833333333342,0021500492,home,1610612761,TOR,DeMarre Carroll,5,F,01.01.2016.CHA.at.TOR
202335,1320.480000000001,8141.741035620846,6.181035274147803,13.681493890026669,24.707268408776518,33012,1.5419964082615238,22.008000000000017,0021500492,home,1610612761,TOR,Patrick Patterson,54,F,01.01.2016.CHA.at.TOR
2449,1233.1500000000005,7967.689104777128,6.478996949399796,15.475631077614668,21.602024096428732,30833,1.5090320274199105,20.55250000000001,0021500492,home,1610612761,TOR,Luis Scola,4,F,01.01.2016.CHA.at.TOR
203082,1249.9300000000003,7869.987324561677,6.312140469901021,14.871014176074487,24.98107869081514,31248,1.4905279023791056,20.832166666666673,0021500492,home,1610612761,TOR,Terrence Ross,31,F-G,01.01.2016.CHA.at.TOR
203798,1189.1500000000005,7405.5740294210145,6.246015705269016,14.805170475602585,24.839404196027633,29732,1.4025708389054952,19.819166666666675,0021500492,visitor,1610612766,CHA,PJ Hairston,19,F-G,01.01.2016.CHA.at.TOR
202709,1044.8300000000008,7046.647631760419,6.76295952505222,14.44955110895761,24.79258156068528,26122,1.3345923545000793,17.413833333333347,0021500492,home,1610612761,TOR,Cory Joseph,6,G,01.01.2016.CHA.at.TOR
203148,974.2900000000005,6181.150467043461,6.360306027762088,14.541829789438488,24.703562703608466,24355,1.1706724369400494,16.238166666666675,0021500492,visitor,1610612766,CHA,Brian Roberts,22,G,01.01.2016.CHA.at.TOR
201946,741.3500000000004,4655.308317186454,6.294777471641072,15.443064634745733,24.60587203855481,18530,0.8816871812853132,12.35583333333334,0021500492,visitor,1610612766,CHA,Tyler Hansbrough,50,F,01.01.2016.CHA.at.TOR
201949,301.9200000000002,1915.7157258328825,6.357841038319767,12.864300372050167,21.778358465350472,7548,0.36282494807440957,5.032000000000003,0021500492,home,1610612761,TOR,James Johnson,3,F,01.01.2016.CHA.at.TOR
101123,1842.3900000000012,11190.973725904912,6.098126336646578,14.640949563630752,24.96000211589034,45883,2.1195025996032033,30.70650000000002,0021500491,home,1610612748,MIA,Gerald Green,14,F,01.01.2016.DAL.at.MIA
202083,1736.0600000000009,11112.368442309626,6.4279106280407,14.95490040924385,24.96929342657054,43286,2.1046152352859138,28.934333333333345,0021500491,visitor,1610612742,DAL,Wesley Matthews,23,G-F,01.01.2016.DAL.at.MIA
202355,1804.4900000000002,11032.973850263375,6.13987974402521,14.524234930359711,24.621480055249837,45018,2.0895783807317,30.074833333333338,0021500491,home,1610612748,MIA,Hassan Whiteside,21,C,01.01.2016.DAL.at.MIA
201609,1700.4600000000005,10913.1104947928,6.444067829151201,15.067904905806085,24.98454094537524,42466,2.0668769876501516,28.341000000000008,0021500491,home,1610612748,MIA,Goran Dragic,7,G,01.01.2016.DAL.at.MIA
2547,1889.120000000001,10903.495046867602,5.795004236107449,13.987002433055478,24.287652210330254,47094,2.065055880088561,31.48533333333335,0021500491,home,1610612748,MIA,Chris Bosh,1,F,01.01.2016.DAL.at.MIA
2736,1638.3400000000001,10621.026062574685,6.511784342638301,15.188589650214142,24.87197301962269,40884,2.0115579663967207,27.305666666666667,0021500491,home,1610612748,MIA,Luol Deng,9,F,01.01.2016.DAL.at.MIA
202718,1502.4800000000005,9953.470256600796,6.654132258689868,14.951293209130936,24.615676960492614,37478,1.8851269425380297,25.04133333333334,0021500491,visitor,1610612742,DAL,Chandler Parsons,25,F,01.01.2016.DAL.at.MIA
204020,1451.710000000001,9336.573800765736,6.454765379462003,15.378053895907351,24.905581815238218,36142,1.7682904925692682,24.195166666666683,0021500491,home,1610612748,MIA,Tyler Johnson,8,G,01.01.2016.DAL.at.MIA
200826,1452.8200000000008,8791.133745413761,6.078112531421982,14.383093412899763,24.734054661561363,36241,1.6649874517829093,24.21366666666668,0021500491,visitor,1610612742,DAL,Jose Juan Barea,5,G,01.01.2016.DAL.at.MIA
1717,1501.150000000001,8686.918834976455,5.813422186178075,13.301779490929837,23.30841718256624,37453,1.6452497793516014,25.019166666666685,0021500491,visitor,1610612742,DAL,Dirk Nowitzki,41,F,01.01.2016.DAL.at.MIA
2585,1387.3800000000006,8365.169530696288,6.056710821406484,14.532925376509139,23.81713422916201,34607,1.5843124111167213,23.123000000000008,0021500491,visitor,1610612742,DAL,Zaza Pachulia,27,C,01.01.2016.DAL.at.MIA
2757,1177.1400000000008,7658.244711486855,6.534627842944848,15.028486292696524,24.956272970070938,29324,1.4504251347512982,19.619000000000014,0021500491,home,1610612748,MIA,Beno Udrih,19,G,01.01.2016.DAL.at.MIA
101114,1146.8900000000003,7530.459046626532,6.589542312637562,14.348195365622935,24.09577932441811,28619,1.426223304285328,19.114833333333337,0021500491,visitor,1610612742,DAL,Deron Williams,8,G,01.01.2016.DAL.at.MIA
101109,1226.0300000000002,7403.9849778741245,6.059653495819251,14.280395226053436,24.85286806888427,30548,1.4022698821731296,20.433833333333336,0021500491,visitor,1610612742,DAL,Raymond Felton,2,G,01.01.2016.DAL.at.MIA
101111,1174.8000000000002,7339.260568005445,6.268208106075183,15.04752452439504,24.91384065132847,29270,1.3900114712131524,19.580000000000002,0021500491,visitor,1610612742,DAL,Charlie Villanueva,3,F,01.01.2016.DAL.at.MIA
2548,1030.6100000000001,6534.025570750968,6.365679750305578,14.487990728856389,24.565549556260528,25699,1.237504842945259,17.176833333333335,0021500491,home,1610612748,MIA,Dwyane Wade,3,G,01.01.2016.DAL.at.MIA
203939,769.8500000000001,5111.606743686002,6.662557924520173,15.584324335704665,24.172420119723444,19217,0.9681073378193186,12.830833333333336,0021500491,visitor,1610612742,DAL,Dwight Powell,7,F-C,01.01.2016.DAL.at.MIA
201580,526.0200000000002,3391.812748530903,6.473441929474973,14.73062786552522,24.444444244971663,13069,0.6423887781308528,8.767000000000003,0021500491,visitor,1610612742,DAL,JaVale McGee,11,C,01.01.2016.DAL.at.MIA
2405,525.0500000000009,3228.6903785653544,6.1779085238078935,14.102125427102372,23.069121316425495,13072,0.611494389879802,8.750833333333347,0021500491,home,1610612748,MIA,Amar'e Stoudemire,5,F-C,01.01.2016.DAL.at.MIA
203098,464.9100000000001,3086.713380470718,6.6654956687028895,15.23772046600449,24.109634330605598,11556,0.584604806907333,7.748500000000001,0021500491,visitor,1610612742,DAL,John Jenkins,12,G,01.01.2016.DAL.at.MIA
202379,366.09000000000003,2239.555712824248,6.1375147166962964,16.03551015129926,23.26345546130152,9124,0.4241582789439864,6.101500000000001,0021500491,visitor,1610612742,DAL,Jeremy Evans,21,F,01.01.2016.DAL.at.MIA
2365,166.33,1047.5835846529692,6.332302689400203,13.922970848568056,23.099544747797797,4156,0.19840598194185022,2.7721666666666667,0021500491,home,1610612748,MIA,Chris Andersen,11,F-C,01.01.2016.DAL.at.MIA
2617,166.32,965.1975606484514,5.83096626992166,13.568261681680953,19.16167543706766,4155,0.18280256830463093,2.772,0021500491,home,1610612748,MIA,Udonis Haslem,40,F,01.01.2016.DAL.at.MIA
2734,140.32,822.3823422292966,5.882255211106622,15.734731650876576,24.971494584383276,3493,0.15575423148282133,2.3386666666666667,0021500491,visitor,1610612742,DAL,Devin Harris,34,G,01.01.2016.DAL.at.MIA
202710,1818.6800000000007,11761.223632771193,6.4853817895343875,14.730222641321271,24.944198606577213,45493,2.227504475903635,30.311333333333344,0021500493,home,1610612741,CHI,Jimmy Butler,21,G-F,01.01.2016.NYK.at.CHI
2546,1942.2900000000009,11469.187698532724,5.922204714867915,14.011424688905112,23.02010387559961,48585,2.172194639873622,32.37150000000001,0021500493,visitor,1610612752,NYK,Carmelo Anthony,7,F,01.01.2016.NYK.at.CHI
101181,1810.4800000000012,11143.236746708142,6.176435018875591,14.10189128492091,24.692793039895495,45279,2.1104615050583604,30.174666666666685,0021500493,visitor,1610612752,NYK,Jose Calderon,3,G,01.01.2016.NYK.at.CHI
202703,1636.3300000000008,10437.457518953728,6.395766112761656,14.771601184793312,24.731059994378743,40925,1.9767911967715395,27.27216666666668,0021500493,home,1610612741,CHI,Nikola Mirotic,44,F,01.01.2016.NYK.at.CHI
1626171,1655.4700000000007,10163.812206380471,6.15556562684076,15.098873759730225,24.989211523309216,41408,1.9249644330266045,27.591166666666677,0021500493,home,1610612741,CHI,Bobby Portis,5,F,01.01.2016.NYK.at.CHI
202498,1439.660000000001,9695.66683160462,6.752397980232278,15.754495162110098,24.95551298058929,36011,1.8363005362887537,23.99433333333335,0021500493,visitor,1610612752,NYK,Lance Thomas,42,F,01.01.2016.NYK.at.CHI
201167,1553.2600000000004,9662.784167679467,6.241547239487551,14.671667922365488,24.560508608535038,38842,1.8300727590302022,25.887666666666675,0021500493,visitor,1610612752,NYK,Arron Afflalo,4,G,01.01.2016.NYK.at.CHI
204001,1483.490000000001,8896.472883439596,6.016566832864853,14.197708620136309,24.56253165107202,37101,1.684938046105984,24.724833333333347,0021500493,visitor,1610612752,NYK,Kristaps Porzingis,6,F-C,01.01.2016.NYK.at.CHI
2200,1564.2100000000005,8738.722609783474,5.603884555496763,14.196281196557077,24.862931884434204,39138,1.655061100337779,26.070166666666676,0021500493,home,1610612741,CHI,Pau Gasol,16,C-F,01.01.2016.NYK.at.CHI
201959,1299.3500000000004,8063.489370393802,6.223279787701659,14.310786694409053,24.479341451220357,32488,1.5271760171200384,21.65583333333334,0021500493,home,1610612741,CHI,Taj Gibson,22,F,01.01.2016.NYK.at.CHI
203926,1108.020000000001,7432.7696285070515,6.72368962613658,15.82293032473868,24.807237709565637,27697,1.407721520550578,18.467000000000013,0021500493,home,1610612741,CHI,Doug McDermott,3,F,01.01.2016.NYK.at.CHI
203503,1106.7600000000002,7002.69152701291,6.341247734244613,15.248438217172426,24.80923638262242,27680,1.3262673346615361,18.446000000000005,0021500493,home,1610612741,CHI,Tony Snell,20,F,01.01.2016.NYK.at.CHI
201577,1072.7800000000004,6695.580320343822,6.2548302645617015,15.360762501432982,24.521137774943057,26815,1.2681023333984511,17.879666666666672,0021500493,visitor,1610612752,NYK,Robin Lopez,8,C,01.01.2016.NYK.at.CHI
202734,1010.3000000000006,6659.070967043377,6.6070087078390065,14.333205520745716,24.817091359672734,25266,1.2611876831521547,16.838333333333345,0021500493,home,1610612741,CHI,E'Twaun Moore,55,G,01.01.2016.NYK.at.CHI
2550,869.1000000000004,6031.968585280742,6.971700510893081,14.547587811217657,24.996556887922274,21745,1.1424182926668074,14.485000000000007,0021500493,home,1610612741,CHI,Kirk Hinrich,12,G,01.01.2016.NYK.at.CHI
204038,840.770000000001,5595.018044227847,6.674185046000193,15.543116322025387,24.57727343387083,21021,1.0596625083764861,14.012833333333349,0021500493,visitor,1610612752,NYK,Langston Galloway,2,G,01.01.2016.NYK.at.CHI
202682,939.8700000000006,5344.466190999152,5.700784393529649,14.38469111809073,24.704285665086058,23497,1.0122095058710514,15.66450000000001,0021500493,visitor,1610612752,NYK,Derrick Williams,23,F,01.01.2016.NYK.at.CHI
202338,712.7800000000002,4480.9256715009715,6.310526153862004,15.47677495676204,24.760220520981466,17839,0.8486601650570021,11.87966666666667,0021500493,visitor,1610612752,NYK,Kevin Seraphin,1,F-C,01.01.2016.NYK.at.CHI
201166,701.0100000000003,4113.926864512762,5.886590464327451,13.667427999639658,23.386341479878652,17529,0.7791528152486292,11.683500000000006,0021500493,home,1610612741,CHI,Aaron Brooks,0,G,01.01.2016.NYK.at.CHI
203124,680.3500000000003,4009.062185414481,5.916452754473347,14.55903393946134,23.68652319881142,17037,0.7592920805709245,11.33916666666667,0021500493,visitor,1610612752,NYK,Kyle O'Quinn,9,F-C,01.01.2016.NYK.at.CHI
1626170,212.45999999999995,1333.9694370483146,6.2780209130024325,14.374991193478351,20.90601689061672,5308,0.25264572671369595,3.540999999999999,0021500493,visitor,1610612752,NYK,Jerian Grant,13,G,01.01.2016.NYK.at.CHI
2756,212.45999999999998,1311.2390679226219,6.174140315678264,14.202614955091118,21.62319948259015,5309,0.24834073256110262,3.5409999999999995,0021500493,visitor,1610612752,NYK,Sasha Vujacic,18,G,01.01.2016.NYK.at.CHI
203946,130.46999999999997,692.4273426625185,5.311186384494696,14.230887456952185,17.556957114628453,3260,0.13114154217093155,2.1744999999999997,0021500493,home,1610612741,CHI,Cameron Bairstow,41,F-C,01.01.2016.NYK.at.CHI
203490,2269.4500000000003,15128.871376198296,6.675411495932665,14.803026491649332,24.591387559929643,56738,2.865316548522405,37.82416666666667,0021500490,home,1610612764,WAS,Otto Porter,22,F,01.01.2016.ORL.at.WAS
202699,2122.4799999999996,14062.62960353651,6.633054781509728,16.015438567210825,24.767899452971974,53057,2.663376818851612,35.374666666666656,0021500490,visitor,1610612753,ORL,Tobias Harris,12,F,01.01.2016.ORL.at.WAS
202322,2295.79,13223.326528682584,5.767161223277039,14.165674361828584,24.907196108778116,57390,2.5044179031595806,38.26316666666666,0021500490,home,1610612764,WAS,John Wall,2,G,01.01.2016.ORL.at.WAS
101162,2084.79,12711.045730014606,6.105109182047121,14.22951899441054,24.173808163220333,52116,2.4073950246239786,34.7465,0021500490,home,1610612764,WAS,Marcin Gortat,13,C,01.01.2016.ORL.at.WAS
203506,1844.1599999999999,12302.55853786437,6.681462915574264,15.347421129045014,24.88370924701549,46101,2.330030026110676,30.735999999999997,0021500490,visitor,1610612753,ORL,Victor Oladipo,5,G,01.01.2016.ORL.at.WAS
202066,1719.81,12093.576934325047,7.04273495018817,16.116899922904597,24.538111581769815,42995,2.2904501769555012,28.6635,0021500490,home,1610612764,WAS,Garrett Temple,17,G,01.01.2016.ORL.at.WAS
201162,1926.46,11713.769257688422,6.089775767585507,14.002843572837527,24.290316774407586,48161,2.2185169048652313,32.10766666666667,0021500490,home,1610612764,WAS,Jared Dudley,1,F,01.01.2016.ORL.at.WAS
202696,1871.29,11244.893612980552,6.016960615340938,14.487163527156973,24.91721755131093,46782,2.129714699428135,31.188166666666664,0021500490,visitor,1610612753,ORL,Nikola Vucevic,9,C,01.01.2016.ORL.at.WAS
203095,1621.8,11147.694046455119,6.883603036806059,15.635866823202987,24.705908321717445,40544,2.1113056906164998,27.029999999999998,0021500490,visitor,1610612753,ORL,Evan Fournier,10,F,01.01.2016.ORL.at.WAS
201196,1632.4600000000003,10022.583079184365,6.148860729612799,14.837512478904578,24.930939544317457,40812,1.8982164922697662,27.20766666666667,0021500490,home,1610612764,WAS,Ramon Sessions,7,G,01.01.2016.ORL.at.WAS
203932,1475.9300000000003,9937.041183892043,6.742067640117043,15.830008143162848,24.947239953752348,36897,1.8820153757371294,24.59883333333334,0021500490,visitor,1610612753,ORL,Aaron Gordon,00,F,01.01.2016.ORL.at.WAS
203901,1412.3000000000002,9362.861927232676,6.637858872755238,14.83155995039898,24.518568858927672,35309,1.773269304400128,23.538333333333338,0021500490,visitor,1610612753,ORL,Elfrid Payton,4,G,01.01.2016.ORL.at.WAS
101112,1274.4700000000003,8053.802801005483,6.326398932049189,15.106664919842983,23.81442286201869,31862,1.5253414395843718,21.241166666666672,0021500490,visitor,1610612753,ORL,Channing Frye,8,F,01.01.2016.ORL.at.WAS
1626162,1220.0299999999997,7784.930636909575,6.387020500640472,15.334934465535293,23.17577580283933,30498,1.4744186812328741,20.333833333333327,0021500490,home,1610612764,WAS,Kelly Oubre,12,F,01.01.2016.ORL.at.WAS
1626209,888.1400000000003,6261.253199225197,7.059794788390182,16.0508421313314,24.60155564415013,22205,1.185843408944166,14.802333333333339,0021500490,visitor,1610612753,ORL,Mario Hezonja,23,G-F,01.01.2016.ORL.at.WAS
201160,894.2100000000002,5887.774333824589,6.593670581148659,15.530379730137025,24.31329866785214,22351,1.1151087753455662,14.903500000000003,0021500490,visitor,1610612753,ORL,Jason Smith,14,F-C,01.01.2016.ORL.at.WAS
2743,743.3100000000001,4811.170862701847,6.479900625648855,15.550881341586228,23.888415662989374,18581,0.9112066027844408,12.3885,0021500490,home,1610612764,WAS,Kris Humphries,43,F,01.01.2016.ORL.at.WAS
203094,609.1600000000001,3505.7202226100485,5.765696506808462,15.677724103408629,24.72714479701902,15229,0.6639621633731152,10.152666666666669,0021500490,visitor,1610612753,ORL,Andrew Nicholson,44,F,01.01.2016.ORL.at.WAS
2400,246.22000000000008,1593.1305443900073,6.481238596158276,14.624995354699974,20.173362860739946,6158,0.30172926977083475,4.103666666666668,0021500490,home,1610612764,WAS,Drew Gooden,90,F,01.01.2016.ORL.at.WAS
203473,62.129999999999995,333.1079143715761,5.367708105013321,13.584680020155446,23.421540739776823,1554,0.06308862014613184,1.0354999999999999,0021500490,visitor,1610612753,ORL,Dewayne Dedmon,3,C,01.01.2016.ORL.at.WAS
203894,62.129999999999995,260.036808022612,4.192433781276749,9.399669495519737,20.739117800066097,1554,0.049249395458828026,1.0354999999999999,0021500490,visitor,1610612753,ORL,Shabazz Napier,13,G,01.01.2016.ORL.at.WAS
203903,1864.8500000000008,12017.693240056433,6.4725348714484205,14.752219705853673,24.98133292704502,46380,2.2760782651622034,31.080833333333345,0021500494,home,1610612747,LAL,Jordan Clarkson,6,G,01.01.2016.PHI.at.LAL
101150,2041.0400000000006,11494.647030065074,5.654774789915679,14.2382501075375,24.997160731293793,50779,2.17701648296687,34.01733333333334,0021500494,home,1610612747,LAL,Lou Williams,23,G,01.01.2016.PHI.at.LAL
203924,1727.8400000000006,11253.611367573269,6.539271727898766,15.761339766966032,24.995693791352657,42987,2.131365789313119,28.79733333333334,0021500494,visitor,1610612755,PHI,Jerami Grant,39,F,01.01.2016.PHI.at.LAL
203477,1745.810000000001,10680.072886495045,6.140846365461579,15.822931596671708,24.843257528448355,43486,2.022741076987698,29.09683333333335,0021500494,visitor,1610612755,PHI,Isaiah Canaan,0,G,01.01.2016.PHI.at.LAL
203917,1596.1500000000008,10244.806267106156,6.444863956921732,15.453703975517735,24.81568063857017,39663,1.9403042172549538,26.602500000000013,0021500494,visitor,1610612755,PHI,Nik Stauskas,11,G,01.01.2016.PHI.at.LAL
202397,1412.3300000000008,9606.073744803967,6.826277729418852,16.199424899143104,24.931604587623774,35125,1.819332148637115,23.538833333333347,0021500494,visitor,1610612755,PHI,Ish Smith,1,G,01.01.2016.PHI.at.LAL
203457,1529.500000000001,9470.929974865288,6.22097023085102,15.107496185639574,24.954028784032467,38087,1.7937367376638804,25.49166666666668,0021500494,visitor,1610612755,PHI,Nerlens Noel,4,F-C,01.01.2016.PHI.at.LAL
1626156,1454.8500000000008,9444.270883227278,6.512677843703688,14.714808990448848,23.95436954806969,36192,1.7886876672778935,24.247500000000013,0021500494,home,1610612747,LAL,D'Angelo Russell,1,G,01.01.2016.PHI.at.LAL
204456,1270.5000000000002,9150.682351616717,7.226506578200037,15.960807564938873,24.929572929442617,31609,1.7330837787152873,21.175000000000004,0021500494,visitor,1610612755,PHI,TJ McConnell,12,G,01.01.2016.PHI.at.LAL
101138,1390.2000000000003,9052.227240641841,6.534805236165625,16.07749822150544,24.345080109860177,34506,1.7144369773942882,23.170000000000005,0021500494,home,1610612747,LAL,Brandon Bass,2,F,01.01.2016.PHI.at.LAL
1626204,1360.3500000000008,8918.95563339365,6.589914697665146,15.690708486647347,24.804123718535173,33835,1.6891961426881914,22.672500000000014,0021500494,home,1610612747,LAL,Larry Nance Jr.,7,F,01.01.2016.PHI.at.LAL
201156,1448.2100000000005,8492.841596894545,5.890212708178166,14.315758668347858,24.770577430132253,35992,1.6084927266845728,24.136833333333342,0021500494,home,1610612747,LAL,Nick Young,0,F-G,01.01.2016.PHI.at.LAL
203944,1320.6800000000007,8422.352447374395,6.3952937995871,15.16475196180003,24.934678052135215,32857,1.5951425089724232,22.011333333333347,0021500494,home,1610612747,LAL,Julius Randle,30,F,01.01.2016.PHI.at.LAL
1626148,1235.5800000000008,8329.193721893847,6.772614051883476,16.344391310551337,24.96699635145639,30766,1.5774988109647439,20.593000000000014,0021500494,home,1610612747,LAL,Anthony Brown,3,F,01.01.2016.PHI.at.LAL
1626143,1312.1800000000005,8231.67405442155,6.292164519929013,15.149999447208542,24.629518770955418,32637,1.5590291769737783,21.869666666666674,0021500494,visitor,1610612755,PHI,Jahlil Okafor,8,C,01.01.2016.PHI.at.LAL
203496,1242.5800000000004,7874.1579015862735,6.368491098922874,15.814829482564715,24.967194100455156,30890,1.4913177843913397,20.709666666666674,0021500494,visitor,1610612755,PHI,Robert Covington,33,F,01.01.2016.PHI.at.LAL
201579,1287.8800000000006,7791.357712315134,6.0724783330907215,14.792288404766081,24.07641406487425,32109,1.475635930362715,21.464666666666677,0021500494,home,1610612747,LAL,Roy Hibbert,17,C,01.01.2016.PHI.at.LAL
203960,1111.3500000000008,6991.2439465976295,6.32580100191321,14.66208836164818,24.101931054515287,27648,1.324099232310157,18.522500000000015,0021500494,visitor,1610612755,PHI,JaKarr Sampson,9,G-F,01.01.2016.PHI.at.LAL
1626158,456.4600000000002,2906.3679406972365,6.390463136845378,16.08688094769995,24.755731145646013,11318,0.5504484736169009,7.60766666666667,0021500494,visitor,1610612755,PHI,Richaun Holmes,22,F,01.01.2016.PHI.at.LAL
2207,2224.6200000000003,13954.422300609627,6.294120727041981,14.335383464102987,24.875592223011978,55336,2.642883011479096,37.077000000000005,0021500495,visitor,1610612751,BKN,Joe Johnson,7,F-G,01.02.2016.BKN.at.BOS
201572,2223.220000000001,13389.247637657407,6.046891758609588,14.332282025633246,24.557365550458943,55353,2.535842355616933,37.053666666666686,0021500495,visitor,1610612751,BKN,Brook Lopez,11,C,01.02.2016.BKN.at.BOS
202323,2166.520000000001,13298.740648068228,6.16148574950688,15.615262079536134,24.801459388086286,53940,2.518700880315952,36.10866666666668,0021500495,home,1610612738,BOS,Evan Turner,11,G-F,01.02.2016.BKN.at.BOS
202738,2116.5,13271.833920326157,6.293468460682421,15.678357353761621,24.93366894827651,52690,2.513604909152681,35.275,0021500495,home,1610612738,BOS,Isaiah Thomas,4,G,01.02.2016.BKN.at.BOS
201152,1906.5800000000006,12872.277951524242,6.773557686739797,15.824774123599898,24.87063565510257,47460,2.4379314302129247,31.776333333333344,0021500495,visitor,1610612751,BKN,Thaddeus Young,30,F,01.02.2016.BKN.at.BOS
202711,1899.5600000000004,11672.885983794069,6.167784087671924,15.311006174043344,24.77364187554443,47298,2.2107738605670586,31.65933333333334,0021500495,visitor,1610612751,BKN,Bojan Bogdanovic,44,G-F,01.02.2016.BKN.at.BOS
203109,1785.54,10662.791468902204,5.9934576461107785,14.599527817699434,24.948427875230372,44385,2.019468081231478,29.759,0021500495,home,1610612738,BOS,Jae Crowder,99,F,01.02.2016.BKN.at.BOS
101161,1699.7700000000004,10272.181937735326,6.063683405708747,15.018252971384866,24.965156718937973,42279,1.9454890033589631,28.329500000000007,0021500495,home,1610612738,BOS,Amir Johnson,90,F,01.02.2016.BKN.at.BOS
203499,1401.3100000000002,9234.778509407144,6.616371746490945,14.942513871499722,24.61173005118096,34808,1.7490110813271107,23.35516666666667,0021500495,visitor,1610612751,BKN,Shane Larkin,0,G,01.02.2016.BKN.at.BOS
203935,1420.7100000000007,8955.390935442781,6.326125797010462,14.86080751714566,24.94584793109134,35411,1.6960967680762844,23.67850000000001,0021500495,home,1610612738,BOS,Marcus Smart,36,G,01.02.2016.BKN.at.BOS
201961,1325.4900000000007,8732.77358722919,6.613602565625381,15.286660150697559,24.038765093535396,32991,1.6539343915206801,22.09150000000001,0021500495,visitor,1610612751,BKN,Wayne Ellington,21,G,01.02.2016.BKN.at.BOS
101127,1327.3900000000003,8414.244912764552,6.3631467764570075,14.655978592372497,24.743194804316783,33080,1.5936069910538926,22.123166666666673,0021500495,visitor,1610612751,BKN,Jarrett Jack,2,G,01.02.2016.BKN.at.BOS
203096,1051.0500000000002,6102.544124687925,5.823378298283608,14.003795168624851,24.009552265689223,26133,1.155784872099986,17.517500000000002,0021500495,home,1610612738,BOS,Jared Sullinger,7,C-F,01.02.2016.BKN.at.BOS
201973,931.7400000000006,6062.573927888008,6.542195326802648,15.40402676653356,24.983426315171197,23177,1.1482147590696985,15.529000000000009,0021500495,home,1610612738,BOS,Jonas Jerebko,8,F,01.02.2016.BKN.at.BOS
203186,718.8500000000001,4963.246380112176,6.928842341968345,16.890124113286006,24.811923400106398,17869,0.9400087841121545,11.980833333333335,0021500495,visitor,1610612751,BKN,Willie Reed,33,F-C,01.02.2016.BKN.at.BOS
203482,734.6600000000004,4821.9209654568285,6.585005129200425,15.561500253025832,24.82341381527525,18312,0.9132426070940963,12.24433333333334,0021500495,home,1610612738,BOS,Kelly Olynyk,41,C-F,01.02.2016.BKN.at.BOS
202340,611.2700000000003,3973.8556219288835,6.520751070794096,16.781313063163704,24.484224081844655,15184,0.7526241708198643,10.187833333333339,0021500495,home,1610612738,BOS,Avery Bradley,0,G,01.02.2016.BKN.at.BOS
101135,566.0400000000002,3577.082984475556,6.345376829989431,15.18409046090974,24.87096090269434,14107,0.6774778379688553,9.434000000000003,0021500495,home,1610612738,BOS,David Lee,42,F-C,01.02.2016.BKN.at.BOS
202388,454.1100000000003,2993.008220447979,6.619968866276079,15.381807104907843,24.805358554151763,11335,0.5668576175090869,7.568500000000005,0021500495,visitor,1610612751,BKN,Donald Sloan,15,G,01.02.2016.BKN.at.BOS
200745,466.34000000000015,2938.3701611395886,6.320882940300653,14.255354917072973,22.03112707562677,11599,0.5565095002158312,7.772333333333336,0021500495,visitor,1610612751,BKN,Andrea Bargnani,9,C-F,01.02.2016.BKN.at.BOS
203923,469.43000000000035,2763.163335341554,5.912983782110731,16.003904621214147,24.942627229792,11707,0.5233263892692337,7.823833333333339,0021500495,home,1610612738,BOS,James Young,13,G-F,01.02.2016.BKN.at.BOS
203092,392.46000000000015,2689.975890331423,6.885203468838641,16.231708247288815,24.735943988460203,9756,0.5094651307445878,6.541000000000002,0021500495,home,1610612738,BOS,Tyler Zeller,44,C-F,01.02.2016.BKN.at.BOS
203115,2945.9800000000005,17904.515245926425,6.104675448846958,14.358351383236164,24.86716094461855,74152,3.3910066753648533,49.09966666666667,0021500504,visitor,1610612743,DEN,Will Barton,5,F-G,01.02.2016.DEN.at.GSW
202691,2737.2400000000002,16694.783677083284,6.132787377563337,14.831306436895032,24.90530175598507,69004,3.16189084793244,45.62066666666667,0021500504,home,1610612744,GSW,Klay Thompson,11,G,01.02.2016.DEN.at.GSW
2749,2725.940000000001,16089.748644935351,5.938787280355058,13.535955609055879,24.96533729496025,68666,3.0473008797226044,45.43233333333335,0021500504,visitor,1610612743,DEN,Jameer Nelson,1,G,01.02.2016.DEN.at.GSW
2738,2570.450000000001,14909.396925022544,5.817932193136202,14.526375752374786,24.856434735829733,64620,2.823749417617906,42.84083333333335,0021500504,home,1610612744,GSW,Andre Iguodala,9,G-F,01.02.2016.DEN.at.GSW
203110,2610.040000000001,14717.846497479055,5.668990619093439,14.061649583187549,24.812978973801904,65769,2.7874709275528513,43.50066666666668,0021500504,home,1610612744,GSW,Draymond Green,23,F,01.02.2016.DEN.at.GSW
203914,2336.7000000000003,14631.540950156317,6.296929562561829,15.795792171111719,24.995855034185627,58915,2.771125179953848,38.94500000000001,0021500504,visitor,1610612743,DEN,Gary Harris,14,G,01.02.2016.DEN.at.GSW
201568,2449.7000000000007,13997.109498777962,5.747267187677653,13.846555231442933,24.028630487607412,61791,2.6509677081018865,40.82833333333335,0021500504,visitor,1610612743,DEN,Danilo Gallinari,8,F,01.02.2016.DEN.at.GSW
203546,2223.810000000001,13604.65610483227,6.149627620740805,14.293332311336316,24.80351740739418,56033,2.5766394137939903,37.06350000000001,0021500504,home,1610612744,GSW,Ian Clark,21,G,01.02.2016.DEN.at.GSW
202702,1720.5300000000002,10547.381955594552,6.1706295403320155,13.998796095061111,24.134251356824972,43431,1.9976102188626046,28.675500000000003,0021500504,visitor,1610612743,DEN,Kenneth Faried,35,F,01.02.2016.DEN.at.GSW
2733,1503.7700000000002,9188.261082839272,6.137288891067081,14.49773069308384,24.14778645712347,37770,1.740200962658953,25.062833333333337,0021500504,home,1610612744,GSW,Shaun Livingston,34,G,01.02.2016.DEN.at.GSW
101106,1479.0000000000005,8045.207387827232,5.466277955995751,13.078142308823008,24.697305235342704,37206,1.5237135204218242,24.650000000000006,0021500504,home,1610612744,GSW,Andrew Bogut,12,C,01.02.2016.DEN.at.GSW
200751,1246.7700000000004,7717.872460841626,6.217955508602991,15.467946310427036,24.93441047806906,31276,1.4617182690987929,20.779500000000006,0021500504,visitor,1610612743,DEN,Randy Foye,4,G,01.02.2016.DEN.at.GSW
201589,1040.5200000000002,6217.329795036346,5.997866090182928,15.087311442454668,24.945397660578593,26129,1.1775245823932472,17.342000000000002,0021500504,visitor,1610612743,DEN,Darrell Arthur,00,F,01.02.2016.DEN.at.GSW
201578,1071.7800000000004,5797.695300555913,5.435281476927739,13.701709448524142,24.714406976947227,27055,1.0980483523780138,17.863000000000007,0021500504,home,1610612744,GSW,Marreese Speights,5,F-C,01.02.2016.DEN.at.GSW
201939,855.3200000000005,4987.470009380431,5.86770841658983,13.773855823598074,23.977080746226576,21546,0.9445965926856877,14.255333333333342,0021500504,home,1610612744,GSW,Stephen Curry,30,G,01.02.2016.DEN.at.GSW
201574,730.5400000000004,4703.1424507521115,6.471151456100472,15.272047611581893,23.502839348586143,18350,0.890746676278809,12.175666666666674,0021500504,home,1610612744,GSW,Jason Thompson,1,F-C,01.02.2016.DEN.at.GSW
2034,705.5000000000002,4122.073636039395,5.853719194757437,14.076864228232038,24.671813933601744,17655,0.7806957644014005,11.758333333333336,0021500504,visitor,1610612743,DEN,Mike Miller,3,G-F,01.02.2016.DEN.at.GSW
203994,284.64000000000004,2128.1163115973545,7.5128876675187986,16.131039558878463,23.06083308939059,7131,0.40305233174192323,4.744000000000001,0021500504,visitor,1610612743,DEN,Jusuf Nurkic,23,C,01.02.2016.DEN.at.GSW
203999,320.3800000000002,2117.0185691254633,6.641121287805019,15.531321283552725,24.880935682678242,8077,0.4009504865767923,5.339666666666671,0021500504,visitor,1610612743,DEN,Nikola Jokic,15,C,01.02.2016.DEN.at.GSW
203484,2127.540000000001,13365.234273171725,6.287518921683409,15.018819554559874,24.728223247963417,53169,2.5312943699188875,35.45900000000002,0021500498,visitor,1610612765,DET,Kentavious Caldwell-Pope,5,G,01.02.2016.DET.at.IND
202694,1906.7200000000007,12061.644694512825,6.333574150348531,14.742906525258492,23.654160591996053,47653,2.2844024042637927,31.778666666666677,0021500498,visitor,1610612765,DET,Marcus Morris,13,F,01.02.2016.DET.at.IND
203083,1895.1000000000004,11715.073634884142,6.188963540803479,15.51316970352733,24.47468715039942,47361,2.2187639460007844,31.585000000000004,0021500498,visitor,1610612765,DET,Andre Drummond,0,C,01.02.2016.DET.at.IND
201588,1876.550000000001,11506.461819361964,6.137076297142398,14.452981061448275,23.213005100879993,46896,2.1792541324549175,31.275833333333352,0021500498,home,1610612754,IND,George Hill,3,G,01.02.2016.DET.at.IND
202331,1706.6200000000008,11191.268339863755,6.565091845262388,15.122212705996992,24.664298516517285,42650,2.1195583977014687,28.44366666666668,0021500498,home,1610612754,IND,Paul George,13,F,01.02.2016.DET.at.IND
101145,1769.7600000000007,10588.461961871435,5.990166823607017,14.430652170393333,24.320083885979134,44227,2.005390523081711,29.49600000000001,0021500498,home,1610612754,IND,Monta Ellis,11,G,01.02.2016.DET.at.IND
101141,1661.6600000000003,10353.898087714606,6.237084847670036,14.901906622971826,24.336935998166418,41524,1.960965546915645,27.694333333333336,0021500498,visitor,1610612765,DET,Ersan Ilyasova,23,F,01.02.2016.DET.at.IND
202704,1484.5700000000006,9037.701404869065,6.093965163022892,14.240031048062727,23.843415574322037,37100,1.7116858721342927,24.742833333333344,0021500498,visitor,1610612765,DET,Reggie Jackson,1,G,01.02.2016.DET.at.IND
101139,1324.2400000000007,8096.262829424048,6.120015478961561,14.682471798875637,23.213208213266324,33102,1.5333831116333423,22.07066666666668,0021500498,home,1610612754,IND,CJ Miles,0,F-G,01.02.2016.DET.at.IND
201155,1323.7200000000007,7817.413753111178,5.91304413503928,13.940665517202133,23.310122532946764,33091,1.4805707865740867,22.062000000000012,0021500498,home,1610612754,IND,Rodney Stuckey,2,G,01.02.2016.DET.at.IND
202730,1080.7900000000004,6602.377755917182,6.116652753946664,15.00428424027311,24.647714220833546,27004,1.2504503325600724,18.013166666666674,0021500498,home,1610612754,IND,Lavoy Allen,5,F-C,01.02.2016.DET.at.IND
201941,1137.4800000000005,6382.0373484651855,5.61634735839105,13.630725258118572,24.934303735571422,28433,1.208719194785073,18.95800000000001,0021500498,home,1610612754,IND,Jordan Hill,27,C,01.02.2016.DET.at.IND
1626169,935.7000000000005,6104.940070357366,6.531934842572835,16.218300891662796,24.754526008186897,23388,1.156238649688895,15.595000000000008,0021500498,visitor,1610612765,DET,Stanley Johnson,3,F,01.02.2016.DET.at.IND
201943,1000.6400000000006,5971.269948392033,5.974101962577172,14.519290017930732,23.722591110583913,25012,1.1309223387106124,16.677333333333344,0021500498,visitor,1610612765,DET,Brandon Jennings,7,G,01.02.2016.DET.at.IND
203524,858.7200000000005,5605.638491144246,6.534483731358876,15.380068270343413,24.1022779590137,21464,1.061673956656107,14.312000000000008,0021500498,home,1610612754,IND,Solomon Hill,44,F,01.02.2016.DET.at.IND
101133,820.6600000000003,5449.238969722674,6.648600295081702,16.114243282356597,23.154488972044458,20505,1.0320528351747489,13.677666666666672,0021500498,home,1610612754,IND,Ian Mahinmi,28,C,01.02.2016.DET.at.IND
201229,822.9900000000006,5038.566238963095,6.12964202711556,15.631595008179858,24.756231539995717,20573,0.9542739088945256,13.716500000000009,0021500498,visitor,1610612765,DET,Anthony Tolliver,43,F,01.02.2016.DET.at.IND
1626167,527.3600000000001,3543.692702773078,6.729031623993871,15.310941422734992,24.467813642505906,13181,0.6711539209797497,8.789333333333335,0021500498,home,1610612754,IND,Myles Turner,33,F-C,01.02.2016.DET.at.IND
203382,589.8800000000007,3513.006501157768,5.96205110652574,15.063366618697819,24.34566710701255,14744,0.6653421403707894,9.831333333333344,0021500498,visitor,1610612765,DET,Aron Baynes,12,F-C,01.02.2016.DET.at.IND
202695,1607.8300000000006,10769.472612222226,6.719667491119582,15.570460399827569,24.855156512280693,40192,2.039672843223906,26.797166666666676,0021500502,home,1610612759,SAS,Kawhi Leonard,2,F,01.02.2016.HOU.at.SAS
201976,1489.4800000000005,9996.809417822597,6.731718412238595,15.962761612984247,24.724416445126234,37238,1.8933351170118553,24.824666666666673,0021500502,visitor,1610612745,HOU,Patrick Beverley,2,G,01.02.2016.HOU.at.SAS
2730,1728.880000000001,9937.858437568055,5.767462477703226,14.854374921627493,24.517458706920237,43224,1.8821701586303135,28.81466666666668,0021500502,visitor,1610612745,HOU,Dwight Howard,12,C,01.02.2016.HOU.at.SAS
201980,1464.8000000000006,9693.198114111514,6.636100804565764,14.998294230108607,24.73335988545291,36619,1.8358329761574836,24.413333333333345,0021500502,home,1610612759,SAS,Danny Green,14,G-F,01.02.2016.HOU.at.SAS
200746,1526.5400000000006,9566.041718178609,6.289316076068488,15.237491021340228,24.866958590802387,38162,1.8117503254126153,25.442333333333345,0021500502,home,1610612759,SAS,LaMarcus Aldridge,12,F,01.02.2016.HOU.at.SAS
201935,1434.8800000000006,8666.733587086374,6.059701013070388,14.096755389088532,24.998829290341952,35872,1.6414268157360556,23.914666666666676,0021500502,visitor,1610612745,HOU,James Harden,13,G,01.02.2016.HOU.at.SAS
2225,1248.480000000001,8420.347816439362,6.765723709383416,15.359678880505905,24.930371100794893,31209,1.5947628440226065,20.808000000000014,0021500502,home,1610612759,SAS,Tony Parker,9,G,01.02.2016.HOU.at.SAS
203991,1253.6500000000005,8167.9996426295875,6.5340042739932285,16.266860324382876,24.99991744433087,31329,1.5469696292859068,20.894166666666674,0021500502,visitor,1610612745,HOU,Clint Capela,15,F-C,01.02.2016.HOU.at.SAS
201988,1026.9300000000003,7428.194383238206,7.252654477678134,16.10031221941374,24.972844564168458,25663,1.4068549968254178,17.115500000000004,0021500502,home,1610612759,SAS,Patty Mills,8,G,01.02.2016.HOU.at.SAS
2564,1175.1800000000003,7217.535189221705,6.155770738872899,14.03706579470215,23.41279314584019,29379,1.3669574222010805,19.58633333333334,0021500502,home,1610612759,SAS,Boris Diaw,33,C-F,01.02.2016.HOU.at.SAS
203093,1192.1900000000003,7139.719440718555,6.006575741656376,14.479165398094603,24.285955486429746,29798,1.3522195910451809,19.86983333333334,0021500502,visitor,1610612745,HOU,Terrence Jones,6,F,01.02.2016.HOU.at.SAS
2772,1173.6700000000005,6987.825307888812,5.972451012489841,14.559566515668633,23.116621034733306,29342,1.3234517628577296,19.561166666666676,0021500502,visitor,1610612745,HOU,Trevor Ariza,1,F,01.02.2016.HOU.at.SAS
201147,905.3500000000003,6095.1433336648915,6.750988782410829,16.245276600058837,24.927413423778876,22621,1.1543832071335023,15.08916666666667,0021500502,visitor,1610612745,HOU,Corey Brewer,33,G-F,01.02.2016.HOU.at.SAS
2561,957.3100000000005,5244.08097235553,5.491180402385511,14.358169003221935,23.22909589527966,23924,0.9931971538552141,15.955166666666676,0021500502,home,1610612759,SAS,David West,30,F,01.02.2016.HOU.at.SAS
201951,806.9100000000003,5226.590964485792,6.497472009533246,15.195758042957165,24.761849888262326,20165,0.9898846523647333,13.448500000000005,0021500502,visitor,1610612745,HOU,Ty Lawson,3,G,01.02.2016.HOU.at.SAS
1891,725.1000000000004,4498.621907557768,6.222638656108295,14.999248752034594,22.782106723890216,18125,0.852011724916244,12.085000000000006,0021500502,visitor,1610612745,HOU,Jason Terry,31,G,01.02.2016.HOU.at.SAS
1938,732.4800000000002,4320.176889646174,5.9143054382852815,14.157237040644878,24.27488185115896,18302,0.818215320008745,12.208000000000004,0021500502,home,1610612759,SAS,Manu Ginobili,20,G,01.02.2016.HOU.at.SAS
1495,617.5900000000006,3510.8593013427003,5.712898907033208,14.849331384372249,23.66272293190991,15439,0.6649354737391477,10.293166666666677,0021500502,home,1610612759,SAS,Tim Duncan,21,C-F,01.02.2016.HOU.at.SAS
203613,444.0100000000001,2768.799058163408,6.256258731369923,15.223792548589818,24.403330556504077,11098,0.5243937610157969,7.400166666666668,0021500502,home,1610612759,SAS,Jonathon Simmons,17,G-F,01.02.2016.HOU.at.SAS
203909,240.77,1421.8862457829707,5.909276549168418,14.030072756850059,24.50317368106524,6017,0.269296637458896,4.012833333333333,0021500502,visitor,1610612745,HOU,KJ McDaniels,32,G-F,01.02.2016.HOU.at.SAS
1626149,240.97999999999985,1406.9939824863127,5.848671497073311,14.49594366754054,24.880338049239494,6024,0.26647613304665013,4.016333333333331,0021500502,visitor,1610612745,HOU,Montrezl Harrell,35,F,01.02.2016.HOU.at.SAS
1626246,194.16,1137.1282434224574,5.874287942474982,13.917381335943992,20.64782764147507,4856,0.21536519761788966,3.2359999999999998,0021500502,home,1610612759,SAS,Boban Marjanovic,40,C,01.02.2016.HOU.at.SAS
203937,98.84999999999998,634.9080692349248,6.453504922625991,13.755857672731345,19.48971666353865,2473,0.12024774038540242,1.6474999999999997,0021500502,home,1610612759,SAS,Kyle Anderson,1,F,01.02.2016.HOU.at.SAS
2588,98.84999999999998,573.8747879874875,5.836613588915045,15.069127788713963,23.198083639722256,2473,0.10868840681581202,1.6474999999999997,0021500502,home,1610612759,SAS,Matt Bonner,15,C-F,01.02.2016.HOU.at.SAS
203918,2531.5700000000015,14797.685355772908,5.864775194831527,14.706919700001073,24.959130374722953,63264,2.8025919234418386,42.19283333333336,0021500503,home,1610612762,UTA,Rodney Hood,5,G,01.02.2016.MEM.at.UTA
201144,2371.4500000000007,14360.117876981723,6.073040237867577,13.830218309921086,24.7689627974934,59265,2.719719294882902,39.52416666666668,0021500503,visitor,1610612763,MEM,Mike Conley,11,G,01.02.2016.MEM.at.UTA
202330,2460.4400000000005,14167.356076315207,5.777456748546093,14.358589245632379,24.851973596180308,61493,2.6832113780900015,41.00733333333334,0021500503,home,1610612762,UTA,Gordon Hayward,20,F,01.02.2016.MEM.at.UTA
201145,2539.2500000000014,13844.0904437043,5.470111591855374,13.531180034454307,23.955563278700346,63482,2.6219868264591475,42.320833333333354,0021500503,visitor,1610612763,MEM,Jeff Green,32,F,01.02.2016.MEM.at.UTA
201584,2391.020000000001,13765.832538926832,5.770163766388604,14.120069584207533,24.49940496342477,59760,2.6071652535846273,39.850333333333346,0021500503,visitor,1610612763,MEM,Courtney Lee,5,G,01.02.2016.MEM.at.UTA
201188,2632.7900000000004,13552.154061794376,5.1658693043278,12.759174742568835,22.874895567459525,65803,2.5666958450368136,43.87983333333334,0021500503,visitor,1610612763,MEM,Marc Gasol,33,C,01.02.2016.MEM.at.UTA
2754,2122.380000000001,12673.368305606027,5.9882996824609815,15.235878789885843,24.95425216899163,53040,2.4002591487890204,35.37300000000002,0021500503,visitor,1610612763,MEM,Tony Allen,9,F-G,01.02.2016.MEM.at.UTA
202344,2030.610000000001,12174.637803976048,6.015855703111906,14.187208345022626,24.978226891086354,50737,2.305802614389403,33.84350000000002,0021500503,home,1610612762,UTA,Trevor Booker,33,F,01.02.2016.MEM.at.UTA
203504,1870.990000000001,11221.967575395509,6.021662822450531,14.178689511026302,24.492404128649532,46764,2.12537264685521,31.183166666666683,0021500503,home,1610612762,UTA,Trey Burke,3,G,01.02.2016.MEM.at.UTA
203481,1876.0900000000008,11081.030099751471,5.925382609966644,14.34716484404779,24.391627764390197,46878,2.0986799431347483,31.26816666666668,0021500503,home,1610612762,UTA,Jeff Withey,24,C,01.02.2016.MEM.at.UTA
2216,1416.8700000000006,8014.678585633655,5.67726372248802,13.755135061580026,22.96334306021177,35407,1.5179315503094042,23.61450000000001,0021500503,visitor,1610612763,MEM,Zach Randolph,50,F,01.02.2016.MEM.at.UTA
203526,1138.6800000000007,7431.909372898123,6.533883726661752,14.191902015314795,23.936611138871406,28454,1.4075585933519172,18.978000000000012,0021500503,home,1610612762,UTA,Raul Neto,25,G,01.02.2016.MEM.at.UTA
1626168,1101.4,6108.997442374112,5.5601566380278795,14.394499839361446,23.957918630613584,27535,1.1570070913587334,18.35666666666667,0021500503,home,1610612762,UTA,Trey Lyles,41,F,01.02.2016.MEM.at.UTA
202353,1003.0200000000004,5847.419722541684,5.844731094472462,15.177648574469481,23.10927279256073,25073,1.1074658565419855,16.717000000000006,0021500503,home,1610612762,UTA,Tibor Pleiss,21,C,01.02.2016.MEM.at.UTA
204060,890.6300000000009,5171.265520240724,5.823995106172594,14.36523961031283,24.5859703647547,22264,0.9794063485304402,14.843833333333349,0021500503,home,1610612762,UTA,Joe Ingles,2,F,01.02.2016.MEM.at.UTA
201596,705.8300000000007,4177.303497054184,5.929891199464257,13.927280461831321,23.806838534337178,17640,0.7911559653511712,11.763833333333345,0021500503,visitor,1610612763,MEM,Mario Chalmers,6,G,01.02.2016.MEM.at.UTA
203187,484.15,3131.132517231858,6.481756449400063,16.801279809883884,24.683249410165008,12104,0.5930175222030034,8.069166666666666,0021500503,home,1610612762,UTA,Chris Johnson,23,F,01.02.2016.MEM.at.UTA
1713,511.0400000000006,3010.882171502515,5.910626373640378,14.16597835706619,22.530680793043846,12770,0.57024283551184,8.517333333333344,0021500503,visitor,1610612763,MEM,Vince Carter,15,G-F,01.02.2016.MEM.at.UTA
203210,343.43000000000035,2128.205227233904,6.2151693923599485,15.817311347057068,23.59829680819884,8574,0.40306917182460306,5.723833333333339,0021500503,visitor,1610612763,MEM,JaMychal Green,0,F,01.02.2016.MEM.at.UTA
200797,351.7100000000005,2067.2184129064726,5.8926539178427015,14.203585823670307,22.773692234702295,8783,0.39151863880804405,5.861833333333341,0021500503,visitor,1610612763,MEM,Ryan Hollins,20,C,01.02.2016.MEM.at.UTA
