game,period,secs_left,hull_area,made,shot_value
01.01.2016.CHA.at.TOR,1,701.0,434.10246120053074,false,2.0
01.01.2016.CHA.at.TOR,1,695.0,552.4259249322481,true,2.0
01.01.2016.CHA.at.TOR,1,685.0,736.9601044645606,true,2.0
01.01.2016.CHA.at.TOR,1,666.0,383.5561402284672,false,2.0
01.01.2016.CHA.at.TOR,1,659.0,129.294971657061,true,2.0
01.01.2016.CHA.at.TOR,1,620.0,592.263142320177,false,2.0
01.01.2016.CHA.at.TOR,1,596.0,861.4417482381027,false,2.0
01.01.2016.CHA.at.TOR,1,593.0,727.8567398813238,false,2.0
01.01.2016.CHA.at.TOR,1,590.0,519.3036641784644,false,2.0
01.01.2016.CHA.at.TOR,1,585.0,238.70668374288815,true,2.0
01.01.2016.CHA.at.TOR,1,567.0,88.36406453931887,false,2.0
01.01.2016.CHA.at.TOR,1,553.0,603.832972791337,true,3.0
01.01.2016.CHA.at.TOR,1,534.0,635.0453428119779,true,2.0
01.01.2016.CHA.at.TOR,1,514.0,629.889290488446,true,2.0
01.01.2016.CHA.at.TOR,1,502.0,755.2897510152217,false,3.0
01.01.2016.CHA.at.TOR,1,490.0,572.4982445137034,false,3.0
01.01.2016.CHA.at.TOR,1,470.0,568.2773960367689,true,3.0
01.01.2016.CHA.at.TOR,1,449.0,377.1492243911793,false,2.0
01.01.2016.CHA.at.TOR,1,443.0,640.5322136091568,false,3.0
01.01.2016.CHA.at.TOR,1,429.0,333.56915248789517,true,2.0
01.01.2016.CHA.at.TOR,1,413.0,399.35116937050566,true,3.0
01.01.2016.CHA.at.TOR,1,392.0,377.8898909122109,false,2.0
01.01.2016.CHA.at.TOR,1,385.0,342.95465701195764,false,3.0
01.01.2016.CHA.at.TOR,1,342.0,517.5946863387215,true,3.0
01.01.2016.CHA.at.TOR,1,318.0,530.9555022075658,true,3.0
01.01.2016.CHA.at.TOR,1,298.0,394.4918438088603,true,3.0
01.01.2016.CHA.at.TOR,1,283.0,560.7275077971416,true,2.0
01.01.2016.CHA.at.TOR,1,243.0,561.918244524405,true,2.0
01.01.2016.CHA.at.TOR,1,226.0,531.329894864395,false,3.0
01.01.2016.CHA.at.TOR,1,219.0,462.1539864862791,false,3.0
01.01.2016.CHA.at.TOR,1,191.0,466.76154349382205,true,3.0
01.01.2016.CHA.at.TOR,1,172.0,554.8930854346243,false,3.0
01.01.2016.CHA.at.TOR,1,163.0,658.5987167974095,false,2.0
01.01.2016.CHA.at.TOR,1,159.0,598.8803296674045,false,2.0
01.01.2016.CHA.at.TOR,1,153.0,507.20066823003464,false,2.0
01.01.2016.CHA.at.TOR,1,121.0,487.7527475483748,true,2.0
01.01.2016.CHA.at.TOR,1,85.0,666.6065589379125,false,2.0
01.01.2016.CHA.at.TOR,1,74.0,963.6119787753101,true,2.0
01.01.2016.CHA.at.TOR,1,64.0,487.2782082672618,true,2.0
01.01.2016.CHA.at.TOR,1,43.9,354.41508930305804,false,2.0
01.01.2016.CHA.at.TOR,1,33.6,713.1730051980977,true,2.0
01.01.2016.CHA.at.TOR,1,19.8,659.614584066117,false,2.0
01.01.2016.CHA.at.TOR,1,16.9,477.69495751603745,false,2.0
01.01.2016.CHA.at.TOR,1,2.4,918.430191123239,true,2.0
01.01.2016.CHA.at.TOR,2,702.0,298.3290655851714,false,2.0
01.01.2016.CHA.at.TOR,2,697.0,516.9854676433819,false,2.0
01.01.2016.CHA.at.TOR,2,693.0,519.107390976403,false,2.0
01.01.2016.CHA.at.TOR,2,678.0,370.971645081215,false,3.0
01.01.2016.CHA.at.TOR,2,659.0,737.5515158342266,true,2.0
01.01.2016.CHA.at.TOR,2,633.0,517.1321534570291,true,3.0
01.01.2016.CHA.at.TOR,2,589.0,392.5658504456282,true,2.0
01.01.2016.CHA.at.TOR,2,569.0,442.6064398567155,true,2.0
01.01.2016.CHA.at.TOR,2,559.0,724.442203080255,true,2.0
01.01.2016.CHA.at.TOR,2,525.0,482.0405192180931,true,2.0
01.01.2016.CHA.at.TOR,2,511.0,385.1842608490731,false,3.0
01.01.2016.CHA.at.TOR,2,504.0,360.5044046924291,false,2.0
01.01.2016.CHA.at.TOR,2,480.0,550.3437513555942,false,2.0
01.01.2016.CHA.at.TOR,2,477.0,273.28776852930724,true,2.0
01.01.2016.CHA.at.TOR,2,454.0,550.9431189185298,false,3.0
01.01.2016.CHA.at.TOR,2,442.0,458.94189663898703,true,3.0
01.01.2016.CHA.at.TOR,2,425.0,237.14486130438195,true,2.0
01.01.2016.CHA.at.TOR,2,411.0,1125.7934199249598,true,3.0
01.01.2016.CHA.at.TOR,2,364.0,189.03467382472996,false,2.0
01.01.2016.CHA.at.TOR,2,341.0,746.5763319742344,false,2.0
01.01.2016.CHA.at.TOR,2,337.0,458.8037115543946,true,2.0
01.01.2016.CHA.at.TOR,2,323.0,494.03589013864524,true,2.0
01.01.2016.CHA.at.TOR,2,285.0,861.1633540466855,true,2.0
01.01.2016.CHA.at.TOR,2,249.0,572.180994386823,false,3.0
01.01.2016.CHA.at.TOR,2,227.0,622.5002719590489,true,2.0
01.01.2016.CHA.at.TOR,2,201.0,471.3652580706679,false,2.0
01.01.2016.CHA.at.TOR,2,196.0,631.3251874156786,true,2.0
01.01.2016.CHA.at.TOR,2,171.0,762.0035496238398,false,2.0
01.01.2016.CHA.at.TOR,2,145.0,614.4422699621565,false,3.0
01.01.2016.CHA.at.TOR,2,129.0,726.3637447935326,true,2.0
01.01.2016.CHA.at.TOR,2,106.0,941.1102462365807,true,3.0
01.01.2016.CHA.at.TOR,2,86.0,668.8713233592575,false,2.0
01.01.2016.CHA.at.TOR,2,73.0,701.3201108600362,false,3.0
01.01.2016.CHA.at.TOR,2,64.0,650.233431661677,false,3.0
01.01.2016.CHA.at.TOR,2,49.9,550.878052960062,false,2.0
01.01.2016.CHA.at.TOR,2,37.9,1215.8913365174997,false,3.0
01.01.2016.CHA.at.TOR,2,5.8,672.3528585779626,false,3.0
01.01.2016.CHA.at.TOR,3,709.0,276.37141030225683,true,2.0
01.01.2016.CHA.at.TOR,3,677.0,243.59551121069904,false,3.0
01.01.2016.CHA.at.TOR,3,654.0,257.08702246663796,false,2.0
01.01.2016.CHA.at.TOR,3,651.0,615.947126179904,false,2.0
01.01.2016.CHA.at.TOR,3,641.0,518.7092469321569,true,2.0
01.01.2016.CHA.at.TOR,3,616.0,639.448429188139,false,3.0
01.01.2016.CHA.at.TOR,3,609.0,449.5458169049781,true,3.0
01.01.2016.CHA.at.TOR,3,590.0,554.8716804353087,false,2.0
01.01.2016.CHA.at.TOR,3,575.0,156.6685713282988,false,2.0
01.01.2016.CHA.at.TOR,3,572.0,551.9791724484646,false,2.0
01.01.2016.CHA.at.TOR,3,568.0,268.3073972979,false,2.0
01.01.2016.CHA.at.TOR,3,567.0,302.94265773903186,false,2.0
01.01.2016.CHA.at.TOR,3,565.0,496.85053029228703,false,2.0
01.01.2016.CHA.at.TOR,3,555.0,703.1154509448288,false,3.0
01.01.2016.CHA.at.TOR,3,547.0,623.2115865263239,false,2.0
01.01.2016.CHA.at.TOR,3,539.0,654.6584144771622,true,2.0
01.01.2016.CHA.at.TOR,3,503.0,606.2276887915571,true,2.0
01.01.2016.CHA.at.TOR,3,481.0,497.61509538290414,false,3.0
01.01.2016.CHA.at.TOR,3,465.0,567.2269506250904,false,2.0
01.01.2016.CHA.at.TOR,3,456.0,124.44986470915003,false,2.0
01.01.2016.CHA.at.TOR,3,426.0,486.98525400623987,false,2.0
01.01.2016.CHA.at.TOR,3,417.0,649.9476661833128,false,3.0
01.01.2016.CHA.at.TOR,3,413.0,578.5903720983537,true,2.0
01.01.2016.CHA.at.TOR,3,402.0,507.0961994763344,true,2.0
01.01.2016.CHA.at.TOR,3,379.0,486.13033872153545,false,2.0
01.01.2016.CHA.at.TOR,3,369.0,631.3984415093531,true,2.0
01.01.2016.CHA.at.TOR,3,346.0,432.7784319623297,false,3.0
01.01.2016.CHA.at.TOR,3,324.0,569.8354175872261,true,2.0
01.01.2016.CHA.at.TOR,3,304.0,340.5127629690127,false,2.0
01.01.2016.CHA.at.TOR,3,287.0,603.3144836163809,true,3.0
01.01.2016.CHA.at.TOR,3,259.0,477.760163596638,false,3.0
01.01.2016.CHA.at.TOR,3,250.0,463.9951321509111,false,3.0
01.01.2016.CHA.at.TOR,3,245.0,584.1910697978,true,2.0
01.01.2016.CHA.at.TOR,3,233.0,447.76053704595626,true,3.0
01.01.2016.CHA.at.TOR,3,206.0,964.3317200140693,true,3.0
01.01.2016.CHA.at.TOR,3,192.0,415.9738487958892,false,3.0
01.01.2016.CHA.at.TOR,3,171.0,627.808745513387,false,2.0
01.01.2016.CHA.at.TOR,3,157.0,740.0387555194499,false,2.0
01.01.2016.CHA.at.TOR,3,154.0,538.3450266000989,false,2.0
01.01.2016.CHA.at.TOR,3,131.0,406.07760362105716,false,2.0
01.01.2016.CHA.at.TOR,3,120.0,447.6983103019421,false,2.0
01.01.2016.CHA.at.TOR,3,120.0,447.6983103019421,false,2.0
01.01.2016.CHA.at.TOR,3,89.0,487.58381851530874,false,3.0
01.01.2016.CHA.at.TOR,3,63.0,589.963358451387,true,2.0
01.01.2016.CHA.at.TOR,3,46.8,487.48723614495213,true,3.0
01.01.2016.CHA.at.TOR,3,32.9,574.060564760097,false,3.0
01.01.2016.CHA.at.TOR,3,12.9,895.8446730542228,false,3.0
01.01.2016.CHA.at.TOR,3,1.2,765.494458947536,true,2.0
01.01.2016.CHA.at.TOR,4,707.0,594.6349202818272,true,3.0
01.01.2016.CHA.at.TOR,4,686.0,490.63396913524247,false,2.0
01.01.2016.CHA.at.TOR,4,682.0,600.5620431390375,false,2.0
01.01.2016.CHA.at.TOR,4,678.0,515.2571429543345,false,3.0
01.01.2016.CHA.at.TOR,4,671.0,753.8771267984982,false,2.0
01.01.2016.CHA.at.TOR,4,645.0,379.5372056521435,false,3.0
01.01.2016.CHA.at.TOR,4,620.0,567.3910912048844,true,3.0
01.01.2016.CHA.at.TOR,4,582.0,247.76955372833018,true,2.0
01.01.2016.CHA.at.TOR,4,557.0,578.2085635205018,false,2.0
01.01.2016.CHA.at.TOR,4,546.0,502.109913438285,true,2.0
01.01.2016.CHA.at.TOR,4,516.0,334.9559016675222,false,2.0
01.01.2016.CHA.at.TOR,4,510.0,710.5842792809449,true,3.0
01.01.2016.CHA.at.TOR,4,481.0,736.914364233638,true,2.0
01.01.2016.CHA.at.TOR,4,466.0,377.78096552522226,true,2.0
01.01.2016.CHA.at.TOR,4,449.0,619.6561035313517,false,2.0
01.01.2016.CHA.at.TOR,4,414.0,505.0937984996512,false,2.0
01.01.2016.CHA.at.TOR,4,402.0,666.3052676295525,false,3.0
01.01.2016.CHA.at.TOR,4,393.0,703.20996187728,false,3.0
01.01.2016.CHA.at.TOR,4,382.0,471.581839204543,false,2.0
01.01.2016.CHA.at.TOR,4,375.0,289.6141525552717,true,3.0
01.01.2016.CHA.at.TOR,4,344.0,696.0763225632161,true,2.0
01.01.2016.CHA.at.TOR,4,315.0,514.3184858912459,true,3.0
01.01.2016.CHA.at.TOR,4,294.0,465.8980109002923,false,3.0
01.01.2016.CHA.at.TOR,4,285.0,710.904819671221,true,3.0
01.01.2016.CHA.at.TOR,4,259.0,540.3684172997764,false,2.0
01.01.2016.CHA.at.TOR,4,247.0,349.4010093571929,false,3.0
01.01.2016.CHA.at.TOR,4,220.0,916.7795973983845,false,2.0
01.01.2016.CHA.at.TOR,4,208.0,599.4226220572785,true,3.0
01.01.2016.CHA.at.TOR,4,185.0,601.9467637105562,false,2.0
01.01.2016.CHA.at.TOR,4,174.0,777.8240181862753,true,3.0
01.01.2016.CHA.at.TOR,4,149.0,352.67512548837846,false,2.0
01.01.2016.CHA.at.TOR,4,116.0,248.3542641565615,false,3.0
01.01.2016.CHA.at.TOR,4,103.0,596.140411554626,false,3.0
01.01.2016.CHA.at.TOR,4,81.0,597.202807887925,false,2.0
01.01.2016.CHA.at.TOR,4,69.0,468.5595078092751,false,2.0
01.01.2016.CHA.at.TOR,4,49.9,607.0388040436071,false,2.0
01.01.2016.CHA.at.TOR,4,46.8,775.5582477682738,false,2.0
01.01.2016.CHA.at.TOR,4,18.9,594.1845250448667,false,3.0
01.01.2016.CHA.at.TOR,4,6.8,1120.189170641867,false,3.0
01.01.2016.DAL.at.MIA,1,700.0,594.389628736169,false,2.0
01.01.2016.DAL.at.MIA,1,674.0,555.9580217047871,false,3.0
01.01.2016.DAL.at.MIA,1,663.0,515.7192026985889,true,2.0
01.01.2016.DAL.at.MIA,1,643.0,711.7758975636201,false,3.0
01.01.2016.DAL.at.MIA,1,630.0,694.3343314022605,false,2.0
01.01.2016.DAL.at.MIA,1,607.0,715.8359654784722,false,3.0
01.01.2016.DAL.at.MIA,1,585.0,336.0986531132226,false,2.0
01.01.2016.DAL.at.MIA,1,572.0,464.55013446621285,false,2.0
01.01.2016.DAL.at.MIA,1,567.0,100.47781110326362,false,2.0
01.01.2016.DAL.at.MIA,1,565.0,518.303327564347,true,2.0
01.01.2016.DAL.at.MIA,1,547.0,314.76054981129994,false,2.0
01.01.2016.DAL.at.MIA,1,535.0,505.3114654703338,false,2.0
01.01.2016.DAL.at.MIA,1,525.0,310.5649832541659,true,2.0
01.01.2016.DAL.at.MIA,1,507.0,383.83057155139653,false,2.0
01.01.2016.DAL.at.MIA,1,478.0,490.0679422903687,false,2.0
01.01.2016.DAL.at.MIA,1,469.0,524.6656844461511,true,2.0
01.01.2016.DAL.at.MIA,1,453.0,331.68170507007727,false,2.0
01.01.2016.DAL.at.MIA,1,448.0,435.06536233469535,true,2.0
01.01.2016.DAL.at.MIA,1,434.0,570.3049868768644,false,2.0
01.01.2016.DAL.at.MIA,1,426.0,764.116787650491,false,2.0
01.01.2016.DAL.at.MIA,1,417.0,478.4983989838284,false,3.0
01.01.2016.DAL.at.MIA,1,407.0,720.527505028693,false,3.0
01.01.2016.DAL.at.MIA,1,396.0,1092.421927444941,true,2.0
01.01.2016.DAL.at.MIA,1,373.0,550.2548479694076,true,2.0
01.01.2016.DAL.at.MIA,1,337.0,380.70351273978264,false,2.0
01.01.2016.DAL.at.MIA,1,330.0,155.42628955648726,true,3.0
01.01.2016.DAL.at.MIA,1,310.0,330.3361615045021,true,2.0
01.01.2016.DAL.at.MIA,1,292.0,700.7203699965752,true,3.0
01.01.2016.DAL.at.MIA,1,274.0,445.31642527025105,false,2.0
01.01.2016.DAL.at.MIA,1,256.0,487.540169652523,true,2.0
01.01.2016.DAL.at.MIA,1,238.0,171.79645488236503,false,3.0
01.01.2016.DAL.at.MIA,1,228.0,935.348739203748,true,2.0
01.01.2016.DAL.at.MIA,1,207.0,419.2177217895,false,2.0
01.01.2016.DAL.at.MIA,1,193.0,452.0662718717034,false,2.0
01.01.2016.DAL.at.MIA,1,176.0,507.1295813693118,false,2.0
01.01.2016.DAL.at.MIA,1,165.0,509.0840314598001,false,3.0
01.01.2016.DAL.at.MIA,1,151.0,370.6237383456379,false,2.0
01.01.2016.DAL.at.MIA,1,113.0,624.8934988641871,false,2.0
01.01.2016.DAL.at.MIA,1,95.0,719.7467517867044,false,2.0
01.01.2016.DAL.at.MIA,1,69.0,731.9360861148259,false,3.0
01.01.2016.DAL.at.MIA,1,56.1,766.7774889804928,true,2.0
01.01.2016.DAL.at.MIA,1,40.1,701.8596995380963,true,2.0
01.01.2016.DAL.at.MIA,2,702.0,530.4362931352615,false,2.0
01.01.2016.DAL.at.MIA,2,672.0,493.8863276273762,false,3.0
01.01.2016.DAL.at.MIA,2,666.0,679.4344800638398,true,3.0
01.01.2016.DAL.at.MIA,2,645.0,550.5583395719418,true,3.0
01.01.2016.DAL.at.MIA,2,631.0,594.8508905810664,true,2.0
01.01.2016.DAL.at.MIA,2,610.0,428.76447936217346,true,3.0
01.01.2016.DAL.at.MIA,2,598.0,904.7917153224972,false,2.0
01.01.2016.DAL.at.MIA,2,591.0,211.34493896018827,true,2.0
01.01.2016.DAL.at.MIA,2,538.0,597.5695213355671,true,2.0
01.01.2016.DAL.at.MIA,2,526.0,535.566145050067,true,2.0
01.01.2016.DAL.at.MIA,2,511.0,623.0058479576865,false,3.0
01.01.2016.DAL.at.MIA,2,493.0,513.2359933986224,true,3.0
01.01.2016.DAL.at.MIA,2,473.0,645.7286142480128,true,2.0
01.01.2016.DAL.at.MIA,2,441.0,250.4967324455397,true,2.0
01.01.2016.DAL.at.MIA,2,421.0,349.405808693087,false,2.0
01.01.2016.DAL.at.MIA,2,395.0,786.9460687653108,true,3.0
01.01.2016.DAL.at.MIA,2,379.0,533.144998193382,true,3.0
01.01.2016.DAL.at.MIA,2,347.0,716.699339938061,false,3.0
01.01.2016.DAL.at.MIA,2,334.0,707.2435971448856,true,2.0
01.01.2016.DAL.at.MIA,2,305.0,519.2070256596448,false,2.0
01.01.2016.DAL.at.MIA,2,288.0,697.1300261321879,false,2.0
01.01.2016.DAL.at.MIA,2,281.0,290.53348357425307,false,3.0
01.01.2016.DAL.at.MIA,2,271.0,899.4076431537438,true,2.0
01.01.2016.DAL.at.MIA,2,248.0,655.2891906431385,false,3.0
01.01.2016.DAL.at.MIA,2,237.0,271.561996178504,true,2.0
01.01.2016.DAL.at.MIA,2,220.0,1107.9592312901457,false,2.0
01.01.2016.DAL.at.MIA,2,214.0,572.8471079143707,true,2.0
01.01.2016.DAL.at.MIA,2,198.0,677.460592900609,true,2.0
01.01.2016.DAL.at.MIA,2,182.0,311.16571213479796,true,2.0
01.01.2016.DAL.at.MIA,2,170.0,534.6378621740739,true,3.0
01.01.2016.DAL.at.MIA,2,116.0,391.38443468627713,true,2.0
01.01.2016.DAL.at.MIA,2,93.0,515.6348520886148,true,2.0
01.01.2016.DAL.at.MIA,2,80.0,475.3913486660257,false,2.0
01.01.2016.DAL.at.MIA,2,69.0,584.472514954839,true,3.0
01.01.2016.DAL.at.MIA,2,47.5,355.98465550030573,true,3.0
01.01.2016.DAL.at.MIA,2,33.9,666.1084162989463,false,2.0
01.01.2016.DAL.at.MIA,2,31.2,495.2051352255633,true,2.0
01.01.2016.DAL.at.MIA,3,697.0,458.02072728303,true,2.0
01.01.2016.DAL.at.MIA,3,684.0,549.9303281078461,false,3.0
01.01.2016.DAL.at.MIA,3,667.0,723.9025441327013,false,3.0
01.01.2016.DAL.at.MIA,3,650.0,506.95747002726006,false,2.0
01.01.2016.DAL.at.MIA,3,631.0,705.0426731305964,false,2.0
01.01.2016.DAL.at.MIA,3,628.0,210.83666955833294,false,2.0
01.01.2016.DAL.at.MIA,3,611.0,630.3669078284,true,2.0
01.01.2016.DAL.at.MIA,3,568.0,696.9503424584791,true,2.0
01.01.2016.DAL.at.MIA,3,545.0,285.19035669370004,false,2.0
01.01.2016.DAL.at.MIA,3,539.0,423.3630349087956,false,3.0
01.01.2016.DAL.at.MIA,3,522.0,442.075342611033,false,2.0
01.01.2016.DAL.at.MIA,3,511.0,722.365271234678,true,2.0
01.01.2016.DAL.at.MIA,3,496.0,599.6819746882959,false,3.0
01.01.2016.DAL.at.MIA,3,485.0,328.316627052731,true,2.0
01.01.2016.DAL.at.MIA,3,446.0,405.6643979620989,true,2.0
01.01.2016.DAL.at.MIA,3,422.0,560.1709506534236,true,2.0
01.01.2016.DAL.at.MIA,3,398.0,475.420883536273,false,2.0
01.01.2016.DAL.at.MIA,3,374.0,401.01683614732974,true,2.0
01.01.2016.DAL.at.MIA,3,354.0,631.5183683782251,false,2.0
01.01.2016.DAL.at.MIA,3,340.0,355.64003180118146,true,2.0
01.01.2016.DAL.at.MIA,3,318.0,772.9877665252106,true,3.0
01.01.2016.DAL.at.MIA,3,298.0,609.6956652131421,true,2.0
01.01.2016.DAL.at.MIA,3,260.0,469.8814504725214,false,3.0
01.01.2016.DAL.at.MIA,3,243.0,544.5061861473209,false,3.0
01.01.2016.DAL.at.MIA,3,236.0,438.47028893316184,false,2.0
01.01.2016.DAL.at.MIA,3,226.0,1068.321021259378,true,2.0
01.01.2016.DAL.at.MIA,3,186.0,188.06280833623543,false,2.0
01.01.2016.DAL.at.MIA,3,180.0,663.0208575054144,false,3.0
01.01.2016.DAL.at.MIA,3,175.0,823.3327806598392,false,2.0
01.01.2016.DAL.at.MIA,3,170.0,228.98670881875213,true,2.0
01.01.2016.DAL.at.MIA,3,152.0,602.4391220110082,true,2.0
01.01.2016.DAL.at.MIA,3,102.0,754.0695369397721,true,2.0
01.01.2016.DAL.at.MIA,3,86.0,521.6829245858258,true,2.0
01.01.2016.DAL.at.MIA,3,48.9,539.3896469681297,false,2.0
01.01.2016.DAL.at.MIA,3,37.1,503.53307614976495,false,2.0
01.01.2016.DAL.at.MIA,3,19.9,663.6311693144171,false,2.0
01.01.2016.DAL.at.MIA,3,2.9,562.4370441625949,false,3.0
01.01.2016.DAL.at.MIA,3,1.1,341.27644937297316,false,2.0
01.01.2016.DAL.at.MIA,4,700.0,528.7595927140978,false,2.0
01.01.2016.DAL.at.MIA,4,675.0,586.7645355714038,false,3.0
01.01.2016.DAL.at.MIA,4,663.0,392.526945872377,true,3.0
01.01.2016.DAL.at.MIA,4,648.0,757.2851858647974,true,2.0
01.01.2016.DAL.at.MIA,4,633.0,526.2532734517035,true,3.0
01.01.2016.DAL.at.MIA,4,612.0,322.8041710885285,false,2.0
01.01.2016.DAL.at.MIA,4,608.0,375.3842030925548,true,2.0
01.01.2016.DAL.at.MIA,4,576.0,264.322582648245,true,2.0
01.01.2016.DAL.at.MIA,4,563.0,629.1445069534547,false,3.0
01.01.2016.DAL.at.MIA,4,548.0,389.3007615760312,true,2.0
01.01.2016.DAL.at.MIA,4,532.0,338.7112283357936,true,2.0
01.01.2016.DAL.at.MIA,4,519.0,587.4072601247813,false,3.0
01.01.2016.DAL.at.MIA,4,514.0,616.2050504499218,true,2.0
01.01.2016.DAL.at.MIA,4,501.0,825.0560676679388,false,2.0
01.01.2016.DAL.at.MIA,4,485.0,467.39900327218953,false,3.0
01.01.2016.DAL.at.MIA,4,458.0,366.36748064214004,true,2.0
01.01.2016.DAL.at.MIA,4,422.0,439.47986670740335,true,2.0
01.01.2016.DAL.at.MIA,4,409.0,551.6325303301012,false,3.0
01.01.2016.DAL.at.MIA,4,397.0,441.7083982316942,false,3.0
01.01.2016.DAL.at.MIA,4,365.0,405.2896795612564,false,2.0
01.01.2016.DAL.at.MIA,4,355.0,528.2773296341431,false,3.0
01.01.2016.DAL.at.MIA,4,336.0,508.96651874093413,true,2.0
01.01.2016.DAL.at.MIA,4,320.0,1074.5730860127621,true,2.0
01.01.2016.DAL.at.MIA,4,294.0,537.349003272213,false,3.0
01.01.2016.DAL.at.MIA,4,277.0,420.2350360996206,false,2.0
01.01.2016.DAL.at.MIA,4,269.0,350.7948550203653,false,2.0
01.01.2016.DAL.at.MIA,4,241.0,238.28084829435102,false,2.0
01.01.2016.DAL.at.MIA,4,228.0,743.875602565925,true,2.0
01.01.2016.DAL.at.MIA,4,216.0,576.3336958405243,false,2.0
01.01.2016.DAL.at.MIA,4,212.0,315.00319135721725,false,2.0
01.01.2016.DAL.at.MIA,4,185.0,590.7086119517181,true,2.0
01.01.2016.DAL.at.MIA,4,149.0,663.3433334961912,true,2.0
01.01.2016.DAL.at.MIA,4,134.0,578.7075654750098,false,2.0
01.01.2016.DAL.at.MIA,4,123.0,521.411329572294,true,2.0
01.01.2016.DAL.at.MIA,4,86.0,399.48217145264994,false,3.0
01.01.2016.DAL.at.MIA,4,74.0,819.0565525625253,false,3.0
01.01.2016.DAL.at.MIA,4,44.9,514.8148726371214,false,3.0
01.01.2016.DAL.at.MIA,4,31.5,657.5363126536326,true,2.0
01.01.2016.DAL.at.MIA,4,9.9,643.4219396670857,false,2.0
01.01.2016.NYK.at.CHI,1,684.0,401.4125640714725,false,2.0
01.01.2016.NYK.at.CHI,1,677.0,713.3859311780659,true,2.0
01.01.2016.NYK.at.CHI,1,638.0,459.3986684316499,false,2.0
01.01.2016.NYK.at.CHI,1,632.0,561.6436779291628,true,2.0
01.01.2016.NYK.at.CHI,1,617.0,217.76244265802546,false,2.0
01.01.2016.NYK.at.CHI,1,616.0,159.29086825247794,false,2.0
01.01.2016.NYK.at.CHI,1,604.0,412.69900411665213,true,2.0
01.01.2016.NYK.at.CHI,1,573.0,736.2740618142121,true,2.0
01.01.2016.NYK.at.CHI,1,558.0,675.1767217426656,false,2.0
01.01.2016.NYK.at.CHI,1,555.0,287.09372432137116,false,2.0
01.01.2016.NYK.at.CHI,1,554.0,251.25309180144683,false,2.0
01.01.2016.NYK.at.CHI,1,548.0,389.98801713443106,false,3.0
01.01.2016.NYK.at.CHI,1,537.0,464.0595907305872,false,2.0
01.01.2016.NYK.at.CHI,1,529.0,561.4375202798652,false,2.0
01.01.2016.NYK.at.CHI,1,517.0,536.9426044381087,false,2.0
01.01.2016.NYK.at.CHI,1,508.0,185.415527471848,false,3.0
01.01.2016.NYK.at.CHI,1,497.0,656.7281209888416,false,2.0
01.01.2016.NYK.at.CHI,1,485.0,455.6631998049429,true,2.0
01.01.2016.NYK.at.CHI,1,458.0,411.894182372826,true,2.0
01.01.2016.NYK.at.CHI,1,428.0,596.6628384820689,true,2.0
01.01.2016.NYK.at.CHI,1,406.0,472.44332683909613,true,2.0
01.01.2016.NYK.at.CHI,1,385.0,460.5838290995891,false,2.0
01.01.2016.NYK.at.CHI,1,359.0,581.6223677828864,false,2.0
01.01.2016.NYK.at.CHI,1,342.0,432.38698434752916,false,3.0
01.01.2016.NYK.at.CHI,1,332.0,542.7482186854438,false,2.0
01.01.2016.NYK.at.CHI,1,324.0,344.57977278135724,true,3.0
01.01.2016.NYK.at.CHI,1,308.0,490.65131105847905,true,2.0
01.01.2016.NYK.at.CHI,1,288.0,776.1043608606731,false,3.0
01.01.2016.NYK.at.CHI,1,271.0,533.0159002247757,false,2.0
01.01.2016.NYK.at.CHI,1,263.0,792.550210853163,true,3.0
01.01.2016.NYK.at.CHI,1,247.0,586.0320684841051,true,2.0
01.01.2016.NYK.at.CHI,1,235.0,958.7669779656053,true,2.0
01.01.2016.NYK.at.CHI,1,223.0,707.1440187838373,true,2.0
01.01.2016.NYK.at.CHI,1,188.0,430.566381031888,true,2.0
01.01.2016.NYK.at.CHI,1,167.0,346.41583411017194,false,2.0
01.01.2016.NYK.at.CHI,1,166.0,440.8755574636971,false,2.0
01.01.2016.NYK.at.CHI,1,162.0,631.6278142006238,true,2.0
01.01.2016.NYK.at.CHI,1,142.0,281.1113451094042,true,3.0
01.01.2016.NYK.at.CHI,1,106.0,369.10264790453715,false,2.0
01.01.2016.NYK.at.CHI,1,80.0,262.3337598306311,true,2.0
01.01.2016.NYK.at.CHI,1,56.9,628.6854441737383,true,2.0
01.01.2016.NYK.at.CHI,1,40.8,193.58131534335303,false,2.0
01.01.2016.NYK.at.CHI,1,27.9,920.5891817195231,false,2.0
01.01.2016.NYK.at.CHI,1,1.0,646.0544970050463,true,2.0
01.01.2016.NYK.at.CHI,2,695.0,500.22088798278304,true,2.0
01.01.2016.NYK.at.CHI,2,675.0,438.9572807429052,true,2.0
01.01.2016.NYK.at.CHI,2,661.0,305.71998499352225,true,3.0
01.01.2016.NYK.at.CHI,2,643.0,297.729296777418,false,2.0
01.01.2016.NYK.at.CHI,2,635.0,489.4003289609256,false,3.0
01.01.2016.NYK.at.CHI,2,624.0,628.8448015047209,false,2.0
01.01.2016.NYK.at.CHI,2,616.0,1215.1347510158914,false,2.0
01.01.2016.NYK.at.CHI,2,605.0,403.36487082481904,false,2.0
01.01.2016.NYK.at.CHI,2,594.0,738.0747638604511,false,2.0
01.01.2016.NYK.at.CHI,2,574.0,494.5771586306982,false,2.0
01.01.2016.NYK.at.CHI,2,538.0,603.7594064695513,true,3.0
01.01.2016.NYK.at.CHI,2,519.0,470.04203631187,true,2.0
01.01.2016.NYK.at.CHI,2,470.0,551.7991051988097,true,2.0
01.01.2016.NYK.at.CHI,2,453.0,542.4312973217029,false,2.0
01.01.2016.NYK.at.CHI,2,439.0,744.8634961643171,true,3.0
01.01.2016.NYK.at.CHI,2,423.0,374.1438503128761,true,2.0
01.01.2016.NYK.at.CHI,2,405.0,499.916243162619,false,2.0
01.01.2016.NYK.at.CHI,2,401.0,400.77886204654635,false,2.0
01.01.2016.NYK.at.CHI,2,399.0,429.3315419506038,true,2.0
01.01.2016.NYK.at.CHI,2,374.0,545.4213426384733,true,2.0
01.01.2016.NYK.at.CHI,2,355.0,662.0356670938431,false,2.0
01.01.2016.NYK.at.CHI,2,354.0,780.3689946698083,true,2.0
01.01.2016.NYK.at.CHI,2,310.0,613.6118831034067,false,3.0
01.01.2016.NYK.at.CHI,2,298.0,390.0466803217081,false,2.0
01.01.2016.NYK.at.CHI,2,292.0,480.2535370227193,false,2.0
01.01.2016.NYK.at.CHI,2,272.0,161.41928245644004,true,2.0
01.01.2016.NYK.at.CHI,2,257.0,357.0438707956512,true,3.0
01.01.2016.NYK.at.CHI,2,244.0,344.4509771999412,true,2.0
01.01.2016.NYK.at.CHI,2,222.0,257.70459032676945,false,2.0
01.01.2016.NYK.at.CHI,2,221.0,210.67822389487594,true,2.0
01.01.2016.NYK.at.CHI,2,204.0,392.00348756659196,true,2.0
01.01.2016.NYK.at.CHI,2,174.0,339.92754911938306,true,2.0
01.01.2016.NYK.at.CHI,2,147.0,672.9124989106281,false,2.0
01.01.2016.NYK.at.CHI,2,102.0,373.8343249314172,true,3.0
01.01.2016.NYK.at.CHI,2,85.0,371.9864925366081,false,2.0
01.01.2016.NYK.at.CHI,2,74.0,534.2740523712786,true,3.0
01.01.2016.NYK.at.CHI,2,58.9,548.8570028310231,false,3.0
01.01.2016.NYK.at.CHI,2,50.9,495.4337773742,false,3.0
01.01.2016.NYK.at.CHI,2,25.9,341.00928889003933,false,2.0
01.01.2016.NYK.at.CHI,2,2.9,498.8890321358094,false,2.0
01.01.2016.NYK.at.CHI,3,683.0,583.6191480841592,false,2.0
01.01.2016.NYK.at.CHI,3,674.0,593.2030280798241,false,2.0
01.01.2016.NYK.at.CHI,3,658.0,308.7690588333989,true,2.0
01.01.2016.NYK.at.CHI,3,640.0,208.25285238854784,false,2.0
01.01.2016.NYK.at.CHI,3,623.0,658.3848927216699,true,2.0
01.01.2016.NYK.at.CHI,3,583.0,508.0218567522666,false,2.0
01.01.2016.NYK.at.CHI,3,552.0,329.6263128901392,false,2.0
01.01.2016.NYK.at.CHI,3,541.0,399.6808725955879,true,2.0
01.01.2016.NYK.at.CHI,3,506.0,357.9796271183251,true,2.0
01.01.2016.NYK.at.CHI,3,483.0,441.50479782270907,true,2.0
01.01.2016.NYK.at.CHI,3,465.0,358.5708029867644,false,2.0
01.01.2016.NYK.at.CHI,3,452.0,475.24159248235003,false,2.0
01.01.2016.NYK.at.CHI,3,441.0,356.8823992309861,true,2.0
01.01.2016.NYK.at.CHI,3,405.0,454.5172360383392,true,2.0
01.01.2016.NYK.at.CHI,3,373.0,426.09354586053007,true,2.0
01.01.2016.NYK.at.CHI,3,354.0,553.29485013151,false,2.0
01.01.2016.NYK.at.CHI,3,343.0,431.56785664199055,false,3.0
01.01.2016.NYK.at.CHI,3,333.0,561.521222264354,false,2.0
01.01.2016.NYK.at.CHI,3,320.0,548.4290508181256,true,2.0
01.01.2016.NYK.at.CHI,3,300.0,475.8057155563073,false,3.0
01.01.2016.NYK.at.CHI,3,281.0,678.0262035846326,false,2.0
01.01.2016.NYK.at.CHI,3,274.0,343.86870982698656,false,2.0
01.01.2016.NYK.at.CHI,3,255.0,625.1047479594852,false,2.0
01.01.2016.NYK.at.CHI,3,248.0,715.7920447449924,true,2.0
01.01.2016.NYK.at.CHI,3,224.0,419.7895674416718,false,2.0
01.01.2016.NYK.at.CHI,3,216.0,993.1348274696658,false,2.0
01.01.2016.NYK.at.CHI,3,188.0,211.6774099882224,false,2.0
01.01.2016.NYK.at.CHI,3,149.0,385.1374558401653,true,3.0
01.01.2016.NYK.at.CHI,3,121.0,628.4785752404783,true,3.0
01.01.2016.NYK.at.CHI,3,110.0,774.7213341218178,false,2.0
01.01.2016.NYK.at.CHI,3,59.9,424.31838381596,false,2.0
01.01.2016.NYK.at.CHI,3,40.9,381.01260786826197,false,3.0
01.01.2016.NYK.at.CHI,3,15.9,370.25386272796294,false,2.0
01.01.2016.NYK.at.CHI,3,13.6,327.0831975123949,true,2.0
01.01.2016.NYK.at.CHI,4,678.0,439.33651068240806,false,2.0
01.01.2016.NYK.at.CHI,4,668.0,711.7948892764537,false,2.0
01.01.2016.NYK.at.CHI,4,648.0,429.53127450240095,false,2.0
01.01.2016.NYK.at.CHI,4,623.0,525.1355193276361,true,2.0
01.01.2016.NYK.at.CHI,4,602.0,477.19920782271515,false,2.0
01.01.2016.NYK.at.CHI,4,599.0,367.1475747066042,false,2.0
01.01.2016.NYK.at.CHI,4,591.0,680.0257163416732,true,2.0
01.01.2016.NYK.at.CHI,4,534.0,544.6176222983445,false,2.0
01.01.2016.NYK.at.CHI,4,477.0,504.4663504024366,true,2.0
01.01.2016.NYK.at.CHI,4,465.0,493.66902841808167,true,2.0
01.01.2016.NYK.at.CHI,4,453.0,766.6854163713435,false,2.0
01.01.2016.NYK.at.CHI,4,447.0,624.8104185423609,false,2.0
01.01.2016.NYK.at.CHI,4,445.0,541.3448995898768,true,2.0
01.01.2016.NYK.at.CHI,4,434.0,682.9200616094095,false,3.0
01.01.2016.NYK.at.CHI,4,418.0,947.4342533752961,true,2.0
01.01.2016.NYK.at.CHI,4,363.0,688.407154058345,true,3.0
01.01.2016.NYK.at.CHI,4,319.0,518.8469507744012,false,2.0
01.01.2016.NYK.at.CHI,4,311.0,691.4586897778619,false,3.0
01.01.2016.NYK.at.CHI,4,288.0,652.755126672179,true,2.0
01.01.2016.NYK.at.CHI,4,252.0,635.9841816007862,true,3.0
01.01.2016.NYK.at.CHI,4,236.0,481.76658011910143,false,3.0
01.01.2016.NYK.at.CHI,4,229.0,1167.978876575859,true,3.0
01.01.2016.NYK.at.CHI,4,194.0,499.5683298262095,true,2.0
01.01.2016.NYK.at.CHI,4,169.0,580.2143758795872,false,3.0
01.01.2016.NYK.at.CHI,4,149.0,449.71507256203193,false,2.0
01.01.2016.NYK.at.CHI,4,137.0,329.8983106898982,false,2.0
01.01.2016.NYK.at.CHI,4,114.0,128.48463695551436,false,2.0
01.01.2016.NYK.at.CHI,4,101.0,604.0212072367319,true,3.0
01.01.2016.NYK.at.CHI,4,85.0,362.8850789050313,false,2.0
01.01.2016.NYK.at.CHI,4,71.0,520.9471125878547,false,2.0
01.01.2016.NYK.at.CHI,4,69.0,541.6529660612126,false,2.0
01.01.2016.NYK.at.CHI,4,56.9,583.7270423665478,false,2.0
01.01.2016.NYK.at.CHI,4,32.6,621.1213015449136,false,2.0
01.01.2016.NYK.at.CHI,4,20.9,493.99856626036905,false,2.0
01.01.2016.NYK.at.CHI,4,9.9,798.9922566955341,false,3.0
01.01.2016.ORL.at.WAS,1,706.0,478.67919259082004,true,2.0
01.01.2016.ORL.at.WAS,1,686.0,508.29045225917866,false,2.0
01.01.2016.ORL.at.WAS,1,668.0,410.02320623513765,false,2.0
01.01.2016.ORL.at.WAS,1,627.0,443.06370146562114,true,2.0
01.01.2016.ORL.at.WAS,1,614.0,428.2150390803025,false,2.0
01.01.2016.ORL.at.WAS,1,602.0,553.03049510131,true,2.0
01.01.2016.ORL.at.WAS,1,589.0,127.08186650787695,true,2.0
01.01.2016.ORL.at.WAS,1,576.0,381.92597179461944,false,3.0
01.01.2016.ORL.at.WAS,1,569.0,856.493889392562,false,3.0
01.01.2016.ORL.at.WAS,1,552.0,568.3873433562397,true,3.0
01.01.2016.ORL.at.WAS,1,543.0,529.2340622257011,true,2.0
01.01.2016.ORL.at.WAS,1,525.0,491.9113469583415,false,2.0
01.01.2016.ORL.at.WAS,1,505.0,540.2434042446121,false,3.0
01.01.2016.ORL.at.WAS,1,487.0,492.10569998874695,false,2.0
01.01.2016.ORL.at.WAS,1,480.0,838.7461198468478,true,2.0
01.01.2016.ORL.at.WAS,1,454.0,554.0989694138538,false,3.0
01.01.2016.ORL.at.WAS,1,433.0,686.8321711631429,false,2.0
01.01.2016.ORL.at.WAS,1,409.0,1111.8758153962137,false,2.0
01.01.2016.ORL.at.WAS,1,397.0,612.1585357199942,false,2.0
01.01.2016.ORL.at.WAS,1,390.0,573.2691686234352,false,3.0
01.01.2016.ORL.at.WAS,1,388.0,1096.8194295099534,false,2.0
01.01.2016.ORL.at.WAS,1,366.0,468.3548271808824,false,3.0
01.01.2016.ORL.at.WAS,1,357.0,475.887379578549,true,2.0
01.01.2016.ORL.at.WAS,1,344.0,420.6772734261487,false,2.0
01.01.2016.ORL.at.WAS,1,337.0,322.64033993232067,true,2.0
01.01.2016.ORL.at.WAS,1,320.0,475.7568444432379,false,2.0
01.01.2016.ORL.at.WAS,1,318.0,419.6191856301104,false,2.0
01.01.2016.ORL.at.WAS,1,315.0,37.80806189447828,true,2.0
01.01.2016.ORL.at.WAS,1,284.0,771.6853999705781,false,2.0
01.01.2016.ORL.at.WAS,1,264.0,278.2056666436704,false,2.0
01.01.2016.ORL.at.WAS,1,240.0,259.701974629939,true,2.0
01.01.2016.ORL.at.WAS,1,228.0,687.2132510117137,true,2.0
01.01.2016.ORL.at.WAS,1,216.0,555.8654022914039,true,2.0
01.01.2016.ORL.at.WAS,1,200.0,323.7292349634249,true,2.0
01.01.2016.ORL.at.WAS,1,184.0,337.23031779166774,true,2.0
01.01.2016.ORL.at.WAS,1,170.0,340.5028496221709,true,2.0
01.01.2016.ORL.at.WAS,1,155.0,756.9165315693008,true,2.0
01.01.2016.ORL.at.WAS,1,140.0,285.5609286363457,false,2.0
01.01.2016.ORL.at.WAS,1,137.0,386.9529795190786,true,2.0
01.01.2016.ORL.at.WAS,1,127.0,373.698140168057,false,2.0
01.01.2016.ORL.at.WAS,1,112.0,396.16186086170103,false,2.0
01.01.2016.ORL.at.WAS,1,89.0,458.845366916818,false,2.0
01.01.2016.ORL.at.WAS,1,79.0,390.560202601595,false,2.0
01.01.2016.ORL.at.WAS,1,57.9,476.00281751421534,true,2.0
01.01.2016.ORL.at.WAS,1,48.9,640.6246653543913,false,3.0
01.01.2016.ORL.at.WAS,1,31.9,965.8864292021541,false,2.0
01.01.2016.ORL.at.WAS,1,10.9,680.0359114272076,false,2.0
01.01.2016.ORL.at.WAS,2,657.0,645.9238015790289,true,2.0
01.01.2016.ORL.at.WAS,2,642.0,239.53114232298435,false,3.0
01.01.2016.ORL.at.WAS,2,629.0,771.2754305491276,false,3.0
01.01.2016.ORL.at.WAS,2,612.0,858.5213822741567,false,2.0
01.01.2016.ORL.at.WAS,2,596.0,595.9788985253638,true,2.0
01.01.2016.ORL.at.WAS,2,574.0,656.6847319082129,false,2.0
01.01.2016.ORL.at.WAS,2,571.0,437.14651099032363,false,2.0
01.01.2016.ORL.at.WAS,2,567.0,811.0803394977179,true,2.0
01.01.2016.ORL.at.WAS,2,539.0,441.81590616853344,false,3.0
01.01.2016.ORL.at.WAS,2,520.0,736.7679750861843,true,2.0
01.01.2016.ORL.at.WAS,2,509.0,524.9925973715407,false,2.0
01.01.2016.ORL.at.WAS,2,506.0,687.0875850720824,false,3.0
01.01.2016.ORL.at.WAS,2,493.0,300.7451438375111,false,2.0
01.01.2016.ORL.at.WAS,2,488.0,516.6258714389297,true,2.0
01.01.2016.ORL.at.WAS,2,464.0,761.0690671596676,true,2.0
01.01.2016.ORL.at.WAS,2,446.0,552.0387394332074,false,2.0
01.01.2016.ORL.at.WAS,2,424.0,561.0963780385619,false,2.0
01.01.2016.ORL.at.WAS,2,414.0,661.6218550379774,true,3.0
01.01.2016.ORL.at.WAS,2,394.0,555.888308213544,true,2.0
01.01.2016.ORL.at.WAS,2,375.0,796.8057742783641,true,2.0
01.01.2016.ORL.at.WAS,2,355.0,248.8899899312862,true,2.0
01.01.2016.ORL.at.WAS,2,323.0,607.8953048718362,false,2.0
01.01.2016.ORL.at.WAS,2,305.0,188.92726939927238,false,2.0
01.01.2016.ORL.at.WAS,2,301.0,412.36759376334686,true,3.0
01.01.2016.ORL.at.WAS,2,275.0,786.2746784000399,false,2.0
01.01.2016.ORL.at.WAS,2,266.0,930.0485842737658,false,3.0
01.01.2016.ORL.at.WAS,2,242.0,443.2540978062685,true,2.0
01.01.2016.ORL.at.WAS,2,215.0,785.2766803873855,true,2.0
01.01.2016.ORL.at.WAS,2,194.0,551.6629366277738,false,3.0
01.01.2016.ORL.at.WAS,2,190.0,409.4263636250857,true,2.0
01.01.2016.ORL.at.WAS,2,167.0,879.215318883593,false,2.0
01.01.2016.ORL.at.WAS,2,155.0,315.95825689999003,false,3.0
01.01.2016.ORL.at.WAS,2,153.0,593.9753408988681,false,2.0
01.01.2016.ORL.at.WAS,2,124.0,359.083509769848,false,3.0
01.01.2016.ORL.at.WAS,2,108.0,759.041260305631,false,2.0
01.01.2016.ORL.at.WAS,2,95.0,644.4207201678248,false,3.0
01.01.2016.ORL.at.WAS,2,93.0,424.1587848882885,true,2.0
01.01.2016.ORL.at.WAS,2,69.0,559.1209799716365,false,2.0
01.01.2016.ORL.at.WAS,2,59.7,214.73576665808892,true,2.0
01.01.2016.ORL.at.WAS,2,40.9,223.20774687661302,false,2.0
01.01.2016.ORL.at.WAS,2,40.7,259.88593138686304,true,2.0
01.01.2016.ORL.at.WAS,2,34.4,695.727559618548,true,2.0
01.01.2016.ORL.at.WAS,2,29.7,321.93952971247404,true,2.0
01.01.2016.ORL.at.WAS,2,9.8,287.266043335629,true,3.0
01.01.2016.ORL.at.WAS,2,0.7,455.9329483466319,false,2.0
01.01.2016.ORL.at.WAS,3,704.0,560.7231048752142,false,2.0
01.01.2016.ORL.at.WAS,3,675.0,566.489067914666,true,2.0
01.01.2016.ORL.at.WAS,3,653.0,516.3363797192089,false,3.0
01.01.2016.ORL.at.WAS,3,646.0,707.5416482217599,true,2.0
01.01.2016.ORL.at.WAS,3,610.0,344.0724208799569,false,3.0
01.01.2016.ORL.at.WAS,3,587.0,393.0989456197785,true,3.0
01.01.2016.ORL.at.WAS,3,559.0,365.48101430731384,true,2.0
01.01.2016.ORL.at.WAS,3,542.0,795.4579834328991,true,2.0
01.01.2016.ORL.at.WAS,3,526.0,412.5955465465297,true,2.0
01.01.2016.ORL.at.WAS,3,510.0,471.8462366661491,true,3.0
01.01.2016.ORL.at.WAS,3,497.0,579.6943694614911,true,2.0
01.01.2016.ORL.at.WAS,3,486.0,651.064874299658,true,2.0
01.01.2016.ORL.at.WAS,3,458.0,460.5080935139013,false,2.0
01.01.2016.ORL.at.WAS,3,441.0,393.2951005664354,true,2.0
01.01.2016.ORL.at.WAS,3,432.0,644.8772890666872,false,2.0
01.01.2016.ORL.at.WAS,3,412.0,435.137648734554,false,3.0
01.01.2016.ORL.at.WAS,3,400.0,853.8617825145358,true,3.0
01.01.2016.ORL.at.WAS,3,376.0,630.6671647128329,false,2.0
01.01.2016.ORL.at.WAS,3,369.0,747.9457968969683,false,3.0
01.01.2016.ORL.at.WAS,3,357.0,479.11542013063985,true,2.0
01.01.2016.ORL.at.WAS,3,337.0,335.3102868914869,true,2.0
01.01.2016.ORL.at.WAS,3,328.0,1248.5927863626252,false,2.0
01.01.2016.ORL.at.WAS,3,318.0,781.1144164498454,true,2.0
01.01.2016.ORL.at.WAS,3,301.0,364.49169324620107,false,3.0
01.01.2016.ORL.at.WAS,3,287.0,183.0931230192595,true,2.0
01.01.2016.ORL.at.WAS,3,267.0,399.94002927682925,false,3.0
01.01.2016.ORL.at.WAS,3,260.0,620.7461703819798,false,3.0
01.01.2016.ORL.at.WAS,3,250.0,902.0121128851401,true,2.0
01.01.2016.ORL.at.WAS,3,231.0,496.79675712251884,false,2.0
01.01.2016.ORL.at.WAS,3,210.0,379.1229287426,false,2.0
01.01.2016.ORL.at.WAS,3,192.0,657.2635508908635,true,3.0
01.01.2016.ORL.at.WAS,3,171.0,323.84797697068217,true,3.0
01.01.2016.ORL.at.WAS,3,152.0,577.6565618956051,true,2.0
01.01.2016.ORL.at.WAS,3,110.0,533.5420070171573,false,2.0
01.01.2016.ORL.at.WAS,3,95.0,256.1831804661442,true,3.0
01.01.2016.ORL.at.WAS,3,78.0,318.25027521898505,false,2.0
01.01.2016.ORL.at.WAS,3,66.0,625.9275972768783,true,2.0
01.01.2016.ORL.at.WAS,3,52.9,504.38327134573444,true,3.0
01.01.2016.ORL.at.WAS,3,35.8,459.20641226137695,false,2.0
01.01.2016.ORL.at.WAS,3,30.9,495.1388069220906,false,3.0
01.01.2016.ORL.at.WAS,3,20.9,728.806568268027,false,2.0
01.01.2016.ORL.at.WAS,3,0.9,921.8457748355868,false,2.0
01.01.2016.ORL.at.WAS,4,708.0,489.83511561096714,false,2.0
01.01.2016.ORL.at.WAS,4,695.0,736.1939708016024,false,3.0
01.01.2016.ORL.at.WAS,4,679.0,685.8348875824568,false,2.0
01.01.2016.ORL.at.WAS,4,665.0,557.3855911398133,true,2.0
01.01.2016.ORL.at.WAS,4,647.0,634.426275069745,false,2.0
01.01.2016.ORL.at.WAS,4,640.0,591.2240519539749,false,3.0
01.01.2016.ORL.at.WAS,4,622.0,769.8906922848765,false,2.0
01.01.2016.ORL.at.WAS,4,603.0,594.5812376424475,false,2.0
01.01.2016.ORL.at.WAS,4,596.0,471.32743785765894,true,2.0
01.01.2016.ORL.at.WAS,4,577.0,629.8152703915217,false,2.0
01.01.2016.ORL.at.WAS,4,571.0,421.4372535041739,false,2.0
01.01.2016.ORL.at.WAS,4,545.0,473.83214281739396,true,2.0
01.01.2016.ORL.at.WAS,4,527.0,601.1611493899871,true,2.0
01.01.2016.ORL.at.WAS,4,504.0,643.128339110405,false,2.0
01.01.2016.ORL.at.WAS,4,481.0,640.0016184074151,false,2.0
01.01.2016.ORL.at.WAS,4,476.0,623.3284971272102,true,2.0
01.01.2016.ORL.at.WAS,4,458.0,734.5870692369411,true,2.0
01.01.2016.ORL.at.WAS,4,430.0,725.4061831056009,true,2.0
01.01.2016.ORL.at.WAS,4,409.0,422.61254685500296,false,3.0
01.01.2016.ORL.at.WAS,4,384.0,417.01870413103524,true,2.0
01.01.2016.ORL.at.WAS,4,352.0,607.8017837599212,false,3.0
01.01.2016.ORL.at.WAS,4,342.0,589.3593639315841,true,3.0
01.01.2016.ORL.at.WAS,4,331.0,225.86593027442296,true,3.0
01.01.2016.ORL.at.WAS,4,316.0,490.07565904564296,false,2.0
01.01.2016.ORL.at.WAS,4,298.0,476.444523847558,true,2.0
01.01.2016.ORL.at.WAS,4,284.0,804.6805443658595,false,2.0
01.01.2016.ORL.at.WAS,4,262.0,727.1109004311036,false,3.0
01.01.2016.ORL.at.WAS,4,232.0,538.831769461203,true,2.0
01.01.2016.ORL.at.WAS,4,204.0,959.084985508911,true,2.0
01.01.2016.ORL.at.WAS,4,179.0,401.2945967272439,true,2.0
01.01.2016.ORL.at.WAS,4,162.0,583.57317094865,false,3.0
01.01.2016.ORL.at.WAS,4,153.0,997.9510606015157,true,2.0
01.01.2016.ORL.at.WAS,4,136.0,607.3914575420229,true,2.0
01.01.2016.ORL.at.WAS,4,108.0,601.1671366096941,false,3.0
01.01.2016.ORL.at.WAS,4,108.0,601.1671366096941,true,2.0
01.01.2016.ORL.at.WAS,4,93.0,802.227415898586,true,2.0
01.01.2016.ORL.at.WAS,4,83.0,583.1270909287,false,3.0
01.01.2016.ORL.at.WAS,4,62.0,353.91968956701083,true,2.0
01.01.2016.ORL.at.WAS,4,46.9,243.30420827826444,false,2.0
01.01.2016.ORL.at.WAS,4,23.9,800.1457988631981,true,2.0
01.01.2016.ORL.at.WAS,4,12.9,596.8430179317671,true,2.0
01.01.2016.PHI.at.LAL,1,680.0,200.23657503654013,true,2.0
01.01.2016.PHI.at.LAL,1,666.0,371.89708486520396,false,2.0
01.01.2016.PHI.at.LAL,1,625.0,515.9162228632625,false,2.0
01.01.2016.PHI.at.LAL,1,623.0,491.43653975621754,false,2.0
01.01.2016.PHI.at.LAL,1,591.0,318.59575412230527,false,2.0
01.01.2016.PHI.at.LAL,1,577.0,534.0992884283577,false,2.0
01.01.2016.PHI.at.LAL,1,556.0,420.7954184923055,true,2.0
01.01.2016.PHI.at.LAL,1,547.0,536.059156702956,false,2.0
01.01.2016.PHI.at.LAL,1,534.0,781.1727107002353,false,2.0
01.01.2016.PHI.at.LAL,1,530.0,835.9419090940281,false,2.0
01.01.2016.PHI.at.LAL,1,520.0,1228.7379651126153,false,2.0
01.01.2016.PHI.at.LAL,1,517.0,488.8783525973829,true,2.0
01.01.2016.PHI.at.LAL,1,492.0,301.0541963321012,true,2.0
01.01.2016.PHI.at.LAL,1,479.0,723.8285581781558,false,2.0
01.01.2016.PHI.at.LAL,1,474.0,738.4668495804557,false,3.0
01.01.2016.PHI.at.LAL,1,468.0,550.0652333594234,false,3.0
01.01.2016.PHI.at.LAL,1,461.0,786.9584381437542,true,2.0
01.01.2016.PHI.at.LAL,1,442.0,447.77201602466516,true,2.0
01.01.2016.PHI.at.LAL,1,432.0,464.6536582843468,false,2.0
01.01.2016.PHI.at.LAL,1,410.0,365.38208221428357,true,3.0
01.01.2016.PHI.at.LAL,1,395.0,371.6835322638292,false,2.0
01.01.2016.PHI.at.LAL,1,364.0,424.113852002814,false,2.0
01.01.2016.PHI.at.LAL,1,359.0,209.38730877132556,false,2.0
01.01.2016.PHI.at.LAL,1,346.0,440.4398871214734,false,2.0
01.01.2016.PHI.at.LAL,1,323.0,596.9653226903679,false,2.0
01.01.2016.PHI.at.LAL,1,304.0,713.4144023972914,true,2.0
01.01.2016.PHI.at.LAL,1,283.0,481.99412982026473,true,2.0
01.01.2016.PHI.at.LAL,1,269.0,568.175039298946,false,2.0
01.01.2016.PHI.at.LAL,1,252.0,486.15075788080003,false,2.0
01.01.2016.PHI.at.LAL,1,244.0,472.90871923120204,true,3.0
01.01.2016.PHI.at.LAL,1,228.0,819.5021931319403,true,2.0
01.01.2016.PHI.at.LAL,1,210.0,658.5809500300562,false,2.0
01.01.2016.PHI.at.LAL,1,210.0,658.5809500300562,false,2.0
01.01.2016.PHI.at.LAL,1,194.0,830.9700331399164,false,2.0
01.01.2016.PHI.at.LAL,1,187.0,217.46353599190599,false,3.0
01.01.2016.PHI.at.LAL,1,175.0,643.6181810745127,true,2.0
01.01.2016.PHI.at.LAL,1,134.0,699.5794010596601,false,2.0
01.01.2016.PHI.at.LAL,1,102.0,458.0437414288146,true,2.0
01.01.2016.PHI.at.LAL,1,88.0,517.4119160410744,false,3.0
01.01.2016.PHI.at.LAL,1,40.8,492.96606156444085,true,2.0
01.01.2016.PHI.at.LAL,1,16.8,712.344493017158,false,2.0
01.01.2016.PHI.at.LAL,2,700.0,393.226247439948,false,2.0
01.01.2016.PHI.at.LAL,2,684.0,724.5611416204501,false,2.0
01.01.2016.PHI.at.LAL,2,672.0,276.2762706902013,false,2.0
01.01.2016.PHI.at.LAL,2,655.0,669.7890717410348,true,2.0
01.01.2016.PHI.at.LAL,2,631.0,794.3630324978461,false,3.0
01.01.2016.PHI.at.LAL,2,616.0,565.1976376081931,true,2.0
01.01.2016.PHI.at.LAL,2,582.0,130.36537244156537,true,2.0
01.01.2016.PHI.at.LAL,2,562.0,189.35558451697446,true,2.0
01.01.2016.PHI.at.LAL,2,549.0,987.2406057593305,true,2.0
01.01.2016.PHI.at.LAL,2,533.0,494.400294829307,true,2.0
01.01.2016.PHI.at.LAL,2,522.0,741.4426137727329,false,2.0
01.01.2016.PHI.at.LAL,2,495.0,562.459208080083,false,2.0
01.01.2016.PHI.at.LAL,2,480.0,413.5514713373359,false,2.0
01.01.2016.PHI.at.LAL,2,469.0,877.0903156826715,false,2.0
01.01.2016.PHI.at.LAL,2,443.0,559.2888923247305,true,2.0
01.01.2016.PHI.at.LAL,2,427.0,368.7000763606634,false,2.0
01.01.2016.PHI.at.LAL,2,398.0,395.6419401950277,false,3.0
01.01.2016.PHI.at.LAL,2,374.0,761.1278022759033,false,2.0
01.01.2016.PHI.at.LAL,2,371.0,260.0626101585718,false,2.0
01.01.2016.PHI.at.LAL,2,363.0,431.45282843447944,true,3.0
01.01.2016.PHI.at.LAL,2,326.0,519.7670247955091,false,2.0
01.01.2016.PHI.at.LAL,2,310.0,348.94749619132494,false,2.0
01.01.2016.PHI.at.LAL,2,296.0,578.6565848127428,false,2.0
01.01.2016.PHI.at.LAL,2,284.0,648.0711614890142,true,2.0
01.01.2016.PHI.at.LAL,2,268.0,462.60982196486134,true,3.0
01.01.2016.PHI.at.LAL,2,251.0,488.908606931833,false,2.0
01.01.2016.PHI.at.LAL,2,234.0,730.3869956554647,false,2.0
01.01.2016.PHI.at.LAL,2,227.0,204.3745357653641,false,3.0
01.01.2016.PHI.at.LAL,2,199.0,404.03298195132203,false,2.0
01.01.2016.PHI.at.LAL,2,176.0,505.7178690021187,false,2.0
01.01.2016.PHI.at.LAL,2,162.0,427.36324846276165,true,2.0
01.01.2016.PHI.at.LAL,2,148.0,585.6743727157607,false,3.0
01.01.2016.PHI.at.LAL,2,140.0,90.75913160716198,true,2.0
01.01.2016.PHI.at.LAL,2,123.0,460.24896814733444,false,2.0
01.01.2016.PHI.at.LAL,2,119.0,358.33681617695163,false,2.0
01.01.2016.PHI.at.LAL,2,112.0,575.7753783940431,false,3.0
01.01.2016.PHI.at.LAL,2,107.0,181.5193583367432,true,2.0
01.01.2016.PHI.at.LAL,2,90.0,743.887457345862,false,2.0
01.01.2016.PHI.at.LAL,2,67.0,578.7435656502286,false,2.0
01.01.2016.PHI.at.LAL,2,53.9,372.9587795485336,false,2.0
01.01.2016.PHI.at.LAL,2,42.7,646.9720741355773,true,2.0
01.01.2016.PHI.at.LAL,2,35.5,962.8924954626544,true,2.0
01.01.2016.PHI.at.LAL,3,699.0,420.08007621488474,false,2.0
01.01.2016.PHI.at.LAL,3,669.0,471.6160309217793,false,2.0
01.01.2016.PHI.at.LAL,3,660.0,500.78277790459066,true,2.0
01.01.2016.PHI.at.LAL,3,630.0,612.8300451353801,false,3.0
01.01.2016.PHI.at.LAL,3,621.0,693.4360482360328,false,3.0
01.01.2016.PHI.at.LAL,3,600.0,519.4606246660329,false,2.0
01.01.2016.PHI.at.LAL,3,580.0,469.6199303374989,false,2.0
01.01.2016.PHI.at.LAL,3,575.0,517.5699188673593,false,3.0
01.01.2016.PHI.at.LAL,3,527.0,384.1866241270607,true,2.0
01.01.2016.PHI.at.LAL,3,508.0,455.7811867866787,false,3.0
01.01.2016.PHI.at.LAL,3,496.0,546.2824004919324,true,2.0
01.01.2016.PHI.at.LAL,3,480.0,955.8957370240169,false,2.0
01.01.2016.PHI.at.LAL,3,477.0,737.2176256154131,true,2.0
01.01.2016.PHI.at.LAL,3,443.0,595.0399574814185,false,3.0
01.01.2016.PHI.at.LAL,3,433.0,627.2897366608149,true,2.0
01.01.2016.PHI.at.LAL,3,421.0,434.399880193326,true,2.0
01.01.2016.PHI.at.LAL,3,399.0,706.4859352355878,false,2.0
01.01.2016.PHI.at.LAL,3,387.0,555.8535473731928,false,2.0
01.01.2016.PHI.at.LAL,3,375.0,230.25575379862858,false,2.0
01.01.2016.PHI.at.LAL,3,365.0,666.80201498975,false,3.0
01.01.2016.PHI.at.LAL,3,364.0,645.3733505856368,true,2.0
01.01.2016.PHI.at.LAL,3,335.0,780.0897554264812,false,2.0
01.01.2016.PHI.at.LAL,3,310.0,444.3353629209418,false,2.0
01.01.2016.PHI.at.LAL,3,309.0,439.72232316174154,false,2.0
01.01.2016.PHI.at.LAL,3,262.0,413.3808481095137,true,3.0
01.01.2016.PHI.at.LAL,3,250.0,701.1879624578512,false,3.0
01.01.2016.PHI.at.LAL,3,238.0,267.6898591895364,true,2.0
01.01.2016.PHI.at.LAL,3,227.0,682.5212920476521,false,2.0
01.01.2016.PHI.at.LAL,3,213.0,434.02438349719665,false,2.0
01.01.2016.PHI.at.LAL,3,191.0,936.8188361407313,false,2.0
01.01.2016.PHI.at.LAL,3,175.0,728.1346658699687,true,2.0
01.01.2016.PHI.at.LAL,3,133.0,920.3306423549419,true,2.0
01.01.2016.PHI.at.LAL,3,122.0,690.835599544386,true,2.0
01.01.2016.PHI.at.LAL,3,89.0,595.9041428576783,false,3.0
01.01.2016.PHI.at.LAL,3,83.0,487.88736006162003,false,2.0
01.01.2016.PHI.at.LAL,3,78.0,449.9623479599107,false,2.0
01.01.2016.PHI.at.LAL,3,70.0,523.4944137606959,false,3.0
01.01.2016.PHI.at.LAL,3,36.4,350.0103278122794,true,2.0
01.01.2016.PHI.at.LAL,3,26.9,1000.4163602244902,false,2.0
01.01.2016.PHI.at.LAL,3,2.0,752.8762244936277,false,2.0
01.01.2016.PHI.at.LAL,4,702.0,508.4465135194244,true,2.0
01.01.2016.PHI.at.LAL,4,689.0,195.52523173297428,true,2.0
01.01.2016.PHI.at.LAL,4,665.0,483.24957927635603,false,3.0
01.01.2016.PHI.at.LAL,4,660.0,442.02363294974197,true,2.0
01.01.2016.PHI.at.LAL,4,638.0,382.97272877193996,true,2.0
01.01.2016.PHI.at.LAL,4,606.0,682.1789545538251,true,2.0
01.01.2016.PHI.at.LAL,4,587.0,469.615317118588,false,2.0
01.01.2016.PHI.at.LAL,4,578.0,1334.0887335575273,true,2.0
01.01.2016.PHI.at.LAL,4,547.0,1006.2903375682553,true,2.0
01.01.2016.PHI.at.LAL,4,531.0,230.77294281767263,true,2.0
01.01.2016.PHI.at.LAL,4,516.0,628.7495537953829,false,3.0
01.01.2016.PHI.at.LAL,4,502.0,652.8702722772739,false,2.0
01.01.2016.PHI.at.LAL,4,490.0,1411.9012927274334,true,2.0
01.01.2016.PHI.at.LAL,4,450.0,518.5432371599087,true,2.0
01.01.2016.PHI.at.LAL,4,438.0,715.7715579980335,false,3.0
01.01.2016.PHI.at.LAL,4,422.0,741.0660763442928,false,2.0
01.01.2016.PHI.at.LAL,4,409.0,689.7551440873808,true,3.0
01.01.2016.PHI.at.LAL,4,387.0,467.59324243361897,true,2.0
01.01.2016.PHI.at.LAL,4,372.0,562.090444112774,true,2.0
01.01.2016.PHI.at.LAL,4,355.0,668.9790930620841,false,2.0
01.01.2016.PHI.at.LAL,4,336.0,968.9491434869071,false,2.0
01.01.2016.PHI.at.LAL,4,313.0,318.7740596407701,true,3.0
01.01.2016.PHI.at.LAL,4,272.0,582.9775255362132,true,2.0
01.01.2016.PHI.at.LAL,4,245.0,880.0230490656296,false,2.0
01.01.2016.PHI.at.LAL,4,216.0,660.350265926235,false,3.0
01.01.2016.PHI.at.LAL,4,188.0,814.286574149884,false,3.0
01.01.2016.PHI.at.LAL,4,178.0,761.1007956347611,true,2.0
01.01.2016.PHI.at.LAL,4,156.0,477.75196706208607,false,3.0
01.01.2016.PHI.at.LAL,4,147.0,902.462448493672,false,3.0
01.01.2016.PHI.at.LAL,4,124.0,513.6726262451432,false,3.0
01.01.2016.PHI.at.LAL,4,116.0,1494.3908822562257,false,2.0
01.01.2016.PHI.at.LAL,4,92.0,549.090179780912,false,2.0
01.01.2016.PHI.at.LAL,4,86.0,98.558737242549,true,2.0
01.01.2016.PHI.at.LAL,4,75.0,1171.8142690553198,false,3.0
01.01.2016.PHI.at.LAL,4,67.0,454.1469210559865,true,3.0
01.01.2016.PHI.at.LAL,4,22.8,827.4991592165818,false,3.0
01.02.2016.BKN.at.BOS,1,702.0,370.5532842690409,true,2.0
01.02.2016.BKN.at.BOS,1,674.0,618.302314420425,false,2.0
01.02.2016.BKN.at.BOS,1,644.0,549.5211384271498,true,2.0
01.02.2016.BKN.at.BOS,1,629.0,558.2919991163112,false,3.0
01.02.2016.BKN.at.BOS,1,621.0,874.844412605328,false,2.0
01.02.2016.BKN.at.BOS,1,604.0,412.2724938520905,false,2.0
01.02.2016.BKN.at.BOS,1,598.0,378.4119963084379,true,2.0
01.02.2016.BKN.at.BOS,1,583.0,273.97971698448333,false,2.0
01.02.2016.BKN.at.BOS,1,559.0,409.2556577818161,true,2.0
01.02.2016.BKN.at.BOS,1,547.0,405.2496753224889,true,2.0
01.02.2016.BKN.at.BOS,1,535.0,494.2043954778874,true,2.0
01.02.2016.BKN.at.BOS,1,526.0,404.2740414282473,false,2.0
01.02.2016.BKN.at.BOS,1,508.0,489.8095551271713,false,2.0
01.02.2016.BKN.at.BOS,1,485.0,330.054636206233,false,2.0
01.02.2016.BKN.at.BOS,1,484.0,333.318363405581,false,2.0
01.02.2016.BKN.at.BOS,1,471.0,900.4393787099107,true,2.0
01.02.2016.BKN.at.BOS,1,453.0,575.2530045549321,false,2.0
01.02.2016.BKN.at.BOS,1,438.0,576.0497014168608,true,2.0
01.02.2016.BKN.at.BOS,1,429.0,409.68021241555005,true,2.0
01.02.2016.BKN.at.BOS,1,411.0,492.175613579598,false,2.0
01.02.2016.BKN.at.BOS,1,409.0,481.025030657301,true,2.0
01.02.2016.BKN.at.BOS,1,388.0,543.9847793527132,false,3.0
01.02.2016.BKN.at.BOS,1,381.0,591.3470633696929,true,3.0
01.02.2016.BKN.at.BOS,1,360.0,606.3203249058533,true,3.0
01.02.2016.BKN.at.BOS,1,350.0,534.3320525855025,true,3.0
01.02.2016.BKN.at.BOS,1,334.0,455.49243189636,true,2.0
01.02.2016.BKN.at.BOS,1,324.0,551.2181535424304,false,3.0
01.02.2016.BKN.at.BOS,1,323.0,574.3646832845033,true,2.0
01.02.2016.BKN.at.BOS,1,301.0,321.4424996646647,true,2.0
01.02.2016.BKN.at.BOS,1,294.0,532.712047897608,false,2.0
01.02.2016.BKN.at.BOS,1,272.0,450.8689783029947,false,2.0
01.02.2016.BKN.at.BOS,1,263.0,438.920523973147,false,3.0
01.02.2016.BKN.at.BOS,1,261.0,496.9779867153881,true,2.0
01.02.2016.BKN.at.BOS,1,243.0,476.56108219908543,true,3.0
01.02.2016.BKN.at.BOS,1,220.0,690.8119583420688,true,2.0
01.02.2016.BKN.at.BOS,1,198.0,449.19923417532493,false,2.0
01.02.2016.BKN.at.BOS,1,189.0,707.3471055790985,true,2.0
01.02.2016.BKN.at.BOS,1,177.0,240.7136189361097,true,2.0
01.02.2016.BKN.at.BOS,1,159.0,470.74335367315604,false,3.0
01.02.2016.BKN.at.BOS,1,129.0,757.4696547744929,false,2.0
01.02.2016.BKN.at.BOS,1,117.0,285.3707959335429,false,2.0
01.02.2016.BKN.at.BOS,1,103.0,469.43949190985694,true,2.0
01.02.2016.BKN.at.BOS,1,63.0,526.0051485845158,false,2.0
01.02.2016.BKN.at.BOS,1,54.9,965.7023838964715,false,2.0
01.02.2016.BKN.at.BOS,1,44.8,693.5540015824315,true,2.0
01.02.2016.BKN.at.BOS,1,25.9,591.497718661025,false,2.0
01.02.2016.BKN.at.BOS,1,5.9,749.4236460057599,false,2.0
01.02.2016.BKN.at.BOS,1,1.0,111.03179987809999,false,3.0
01.02.2016.BKN.at.BOS,2,677.0,585.1449900707173,true,2.0
01.02.2016.BKN.at.BOS,2,650.0,654.090702336913,false,2.0
01.02.2016.BKN.at.BOS,2,641.0,850.0830063847501,false,2.0
01.02.2016.BKN.at.BOS,2,635.0,310.7343138532474,false,2.0
01.02.2016.BKN.at.BOS,2,595.0,550.937431003414,true,2.0
01.02.2016.BKN.at.BOS,2,584.0,404.95756979738337,false,3.0
01.02.2016.BKN.at.BOS,2,561.0,387.3966529478715,true,2.0
01.02.2016.BKN.at.BOS,2,550.0,431.9875090592759,true,2.0
01.02.2016.BKN.at.BOS,2,537.0,428.19952226863506,false,2.0
01.02.2016.BKN.at.BOS,2,530.0,507.06534413835,false,3.0
01.02.2016.BKN.at.BOS,2,519.0,532.0927725071177,false,2.0
01.02.2016.BKN.at.BOS,2,512.0,750.9081491141117,false,3.0
01.02.2016.BKN.at.BOS,2,487.0,690.3627348668216,false,2.0
01.02.2016.BKN.at.BOS,2,486.0,628.2230709726674,true,2.0
01.02.2016.BKN.at.BOS,2,467.0,625.2257368020001,true,2.0
01.02.2016.BKN.at.BOS,2,451.0,461.3023221777869,false,2.0
01.02.2016.BKN.at.BOS,2,450.0,408.0977751653222,true,2.0
01.02.2016.BKN.at.BOS,2,425.0,784.2446145714279,true,2.0
01.02.2016.BKN.at.BOS,2,407.0,528.790641499036,false,2.0
01.02.2016.BKN.at.BOS,2,406.0,533.3586037017284,false,2.0
01.02.2016.BKN.at.BOS,2,378.0,466.6741414258174,false,2.0
01.02.2016.BKN.at.BOS,2,370.0,300.86952309773216,false,2.0
01.02.2016.BKN.at.BOS,2,335.0,443.7523153825112,false,3.0
01.02.2016.BKN.at.BOS,2,327.0,510.3268500638431,true,2.0
01.02.2016.BKN.at.BOS,2,307.0,391.56551684746705,false,3.0
01.02.2016.BKN.at.BOS,2,272.0,376.9792405631792,false,2.0
01.02.2016.BKN.at.BOS,2,263.0,281.28770144127213,false,3.0
01.02.2016.BKN.at.BOS,2,225.0,497.9194599331608,false,2.0
01.02.2016.BKN.at.BOS,2,204.0,720.9582462849228,false,2.0
01.02.2016.BKN.at.BOS,2,203.0,680.4662362687732,false,2.0
01.02.2016.BKN.at.BOS,2,186.0,342.70362379447596,false,3.0
01.02.2016.BKN.at.BOS,2,177.0,504.16486965341755,false,2.0
01.02.2016.BKN.at.BOS,2,155.0,513.7547357783551,false,2.0
01.02.2016.BKN.at.BOS,2,138.0,560.1309134288153,true,2.0
01.02.2016.BKN.at.BOS,2,118.0,612.4239411619453,false,3.0
01.02.2016.BKN.at.BOS,2,111.0,448.6699155471656,false,2.0
01.02.2016.BKN.at.BOS,2,86.0,576.4699854107578,true,2.0
01.02.2016.BKN.at.BOS,2,69.0,613.1292433656907,true,2.0
01.02.2016.BKN.at.BOS,2,47.9,509.02427959042603,false,3.0
01.02.2016.BKN.at.BOS,2,11.5,768.0818094749111,true,2.0
01.02.2016.BKN.at.BOS,2,2.0,1012.3065996947869,true,2.0
01.02.2016.BKN.at.BOS,3,704.0,416.0912851044621,false,3.0
01.02.2016.BKN.at.BOS,3,689.0,238.53856905381022,false,2.0
01.02.2016.BKN.at.BOS,3,686.0,424.0207123432194,true,2.0
01.02.2016.BKN.at.BOS,3,675.0,391.7947392480874,false,2.0
01.02.2016.BKN.at.BOS,3,653.0,337.63357573812925,true,3.0
01.02.2016.BKN.at.BOS,3,625.0,602.5686033478961,false,2.0
01.02.2016.BKN.at.BOS,3,618.0,827.7551920947845,false,3.0
01.02.2016.BKN.at.BOS,3,600.0,1137.8279291861627,false,2.0
01.02.2016.BKN.at.BOS,3,557.0,524.2474495811917,true,3.0
01.02.2016.BKN.at.BOS,3,537.0,507.7782148724963,false,3.0
01.02.2016.BKN.at.BOS,3,514.0,664.2548589820364,false,2.0
01.02.2016.BKN.at.BOS,3,478.0,350.52035243810917,false,3.0
01.02.2016.BKN.at.BOS,3,457.0,1138.3587786246128,true,2.0
01.02.2016.BKN.at.BOS,3,433.0,303.089002442207,false,2.0
01.02.2016.BKN.at.BOS,3,420.0,727.732121998932,true,2.0
01.02.2016.BKN.at.BOS,3,408.0,473.3263467148133,false,3.0
01.02.2016.BKN.at.BOS,3,392.0,476.01092993062593,false,2.0
01.02.2016.BKN.at.BOS,3,385.0,564.0256333932451,true,2.0
01.02.2016.BKN.at.BOS,3,364.0,529.4979835853429,false,2.0
01.02.2016.BKN.at.BOS,3,340.0,441.94892585821395,false,2.0
01.02.2016.BKN.at.BOS,3,326.0,474.1833318885524,false,3.0
01.02.2016.BKN.at.BOS,3,314.0,655.2625243478377,false,2.0
01.02.2016.BKN.at.BOS,3,302.0,380.2822152108028,true,2.0
01.02.2016.BKN.at.BOS,3,267.0,358.0724764708441,true,2.0
01.02.2016.BKN.at.BOS,3,250.0,364.87255086688975,true,3.0
01.02.2016.BKN.at.BOS,3,232.0,790.3789067371192,true,3.0
01.02.2016.BKN.at.BOS,3,219.0,590.6305024443543,false,2.0
01.02.2016.BKN.at.BOS,3,200.0,662.0108928061547,false,2.0
01.02.2016.BKN.at.BOS,3,191.0,644.5051051829856,false,2.0
01.02.2016.BKN.at.BOS,3,169.0,825.3216780629222,false,2.0
01.02.2016.BKN.at.BOS,3,162.0,1072.7340160025433,false,3.0
01.02.2016.BKN.at.BOS,3,144.0,517.0095234321813,false,2.0
01.02.2016.BKN.at.BOS,3,127.0,613.5554084192429,false,3.0
01.02.2016.BKN.at.BOS,3,125.0,636.61830983469,true,2.0
01.02.2016.BKN.at.BOS,3,112.0,417.9006135636255,true,2.0
01.02.2016.BKN.at.BOS,3,94.0,574.0703529835417,true,2.0
01.02.2016.BKN.at.BOS,3,81.0,267.1781102529273,false,3.0
01.02.2016.BKN.at.BOS,3,79.0,285.8846370473412,false,2.0
01.02.2016.BKN.at.BOS,3,56.8,497.26275205628787,false,3.0
01.02.2016.BKN.at.BOS,3,34.9,954.5880401772409,false,2.0
01.02.2016.BKN.at.BOS,3,26.6,601.285952007851,true,2.0
01.02.2016.BKN.at.BOS,3,4.9,500.21008202202114,false,3.0
01.02.2016.BKN.at.BOS,3,0.3,265.2459306643538,false,3.0
01.02.2016.BKN.at.BOS,4,685.0,446.9750770577592,false,3.0
01.02.2016.BKN.at.BOS,4,667.0,843.3620669169529,false,2.0
01.02.2016.BKN.at.BOS,4,654.0,437.50554518745486,true,2.0
01.02.2016.BKN.at.BOS,4,633.0,456.98517137915,false,3.0
01.02.2016.BKN.at.BOS,4,619.0,189.70603994795871,true,3.0
01.02.2016.BKN.at.BOS,4,589.0,453.33291924151285,true,2.0
01.02.2016.BKN.at.BOS,4,579.0,693.4590064494477,true,2.0
01.02.2016.BKN.at.BOS,4,531.0,551.2972016181698,false,2.0
01.02.2016.BKN.at.BOS,4,518.0,452.90671284209316,true,2.0
01.02.2016.BKN.at.BOS,4,504.0,553.8530096176202,true,2.0
01.02.2016.BKN.at.BOS,4,483.0,445.13528209561673,true,2.0
01.02.2016.BKN.at.BOS,4,464.0,325.9928613109522,false,2.0
01.02.2016.BKN.at.BOS,4,434.0,685.6772005279892,true,2.0
01.02.2016.BKN.at.BOS,4,423.0,694.3995161931483,false,3.0
01.02.2016.BKN.at.BOS,4,398.0,298.09688141734085,false,2.0
01.02.2016.BKN.at.BOS,4,394.0,69.74595912772416,true,2.0
01.02.2016.BKN.at.BOS,4,385.0,644.4621660974786,false,3.0
01.02.2016.BKN.at.BOS,4,372.0,543.0202614352853,false,3.0
01.02.2016.BKN.at.BOS,4,354.0,366.1217821854577,false,3.0
01.02.2016.BKN.at.BOS,4,334.0,458.282442411347,true,2.0
01.02.2016.BKN.at.BOS,4,320.0,579.3309346679113,true,2.0
01.02.2016.BKN.at.BOS,4,303.0,459.6874508191862,false,2.0
01.02.2016.BKN.at.BOS,4,287.0,481.4840175451069,false,2.0
01.02.2016.BKN.at.BOS,4,263.0,444.23795920211677,false,2.0
01.02.2016.BKN.at.BOS,4,259.0,474.9935468690481,false,3.0
01.02.2016.BKN.at.BOS,4,245.0,686.9522884423399,false,2.0
01.02.2016.BKN.at.BOS,4,237.0,677.3959333884677,false,2.0
01.02.2016.BKN.at.BOS,4,235.0,466.5453264623959,false,2.0
01.02.2016.BKN.at.BOS,4,214.0,461.46662636609216,true,2.0
01.02.2016.BKN.at.BOS,4,199.0,493.8769465727011,true,3.0
01.02.2016.BKN.at.BOS,4,158.0,427.24371236354256,false,3.0
01.02.2016.BKN.at.BOS,4,142.0,584.0157528773976,true,2.0
01.02.2016.BKN.at.BOS,4,112.0,403.57544579210014,false,2.0
01.02.2016.BKN.at.BOS,4,90.0,550.4455468900165,false,3.0
01.02.2016.BKN.at.BOS,4,60.0,699.9774454350056,false,2.0
01.02.2016.BKN.at.BOS,4,55.1,347.24512756224095,true,2.0
01.02.2016.BKN.at.BOS,4,39.0,397.2407112160264,true,2.0
01.02.2016.BKN.at.BOS,4,26.9,663.9072867329752,true,2.0
01.02.2016.BKN.at.BOS,4,14.1,877.8498716744427,false,3.0
01.02.2016.BKN.at.BOS,4,11.8,1075.1904914441463,true,2.0
01.02.2016.BKN.at.BOS,4,2.9,801.0292179309274,false,3.0
01.02.2016.DEN.at.GSW,1,707.0,397.0016202982439,true,2.0
01.02.2016.DEN.at.GSW,1,690.0,336.73616970258104,false,2.0
01.02.2016.DEN.at.GSW,1,680.0,684.142273280453,true,3.0
01.02.2016.DEN.at.GSW,1,660.0,285.55274340103,true,2.0
01.02.2016.DEN.at.GSW,1,640.0,612.1545485956259,true,3.0
01.02.2016.DEN.at.GSW,1,627.0,837.2647603780434,false,2.0
01.02.2016.DEN.at.GSW,1,617.0,825.7253864586883,false,3.0
01.02.2016.DEN.at.GSW,1,598.0,333.49085985997795,false,2.0
01.02.2016.DEN.at.GSW,1,582.0,596.9706561107121,true,3.0
01.02.2016.DEN.at.GSW,1,565.0,360.18892691533796,true,2.0
01.02.2016.DEN.at.GSW,1,546.0,753.3464859751962,false,3.0
01.02.2016.DEN.at.GSW,1,528.0,85.88907625550837,true,3.0
01.02.2016.DEN.at.GSW,1,504.0,452.408499063948,false,3.0
01.02.2016.DEN.at.GSW,1,488.0,360.5547975638849,true,3.0
01.02.2016.DEN.at.GSW,1,465.0,661.749823351991,false,2.0
01.02.2016.DEN.at.GSW,1,448.0,687.1546088820129,false,3.0
01.02.2016.DEN.at.GSW,1,403.0,249.78796398515576,false,3.0
01.02.2016.DEN.at.GSW,1,361.0,577.0035836487866,false,3.0
01.02.2016.DEN.at.GSW,1,352.0,537.2554775447257,true,2.0
01.02.2016.DEN.at.GSW,1,346.0,314.3822376903797,true,2.0
01.02.2016.DEN.at.GSW,1,321.0,752.3484135682988,false,3.0
01.02.2016.DEN.at.GSW,1,311.0,1005.9856821261278,false,2.0
01.02.2016.DEN.at.GSW,1,307.0,561.1458806935689,false,2.0
01.02.2016.DEN.at.GSW,1,291.0,383.8510227845973,true,2.0
01.02.2016.DEN.at.GSW,1,278.0,399.90575209145004,false,2.0
01.02.2016.DEN.at.GSW,1,269.0,1581.8534515476226,false,3.0
01.02.2016.DEN.at.GSW,1,254.0,453.80146635694524,false,2.0
01.02.2016.DEN.at.GSW,1,253.0,568.3870600861097,true,2.0
01.02.2016.DEN.at.GSW,1,206.0,273.3175858239736,true,2.0
01.02.2016.DEN.at.GSW,1,165.0,803.596739618485,false,2.0
01.02.2016.DEN.at.GSW,1,157.0,787.2750370088459,true,2.0
01.02.2016.DEN.at.GSW,1,143.0,595.948410386312,true,2.0
01.02.2016.DEN.at.GSW,1,129.0,484.85442615060936,false,2.0
01.02.2016.DEN.at.GSW,1,120.0,321.07275315172,false,2.0
01.02.2016.DEN.at.GSW,1,85.0,605.7458767061953,false,2.0
01.02.2016.DEN.at.GSW,1,79.0,377.10886374024494,false,3.0
01.02.2016.DEN.at.GSW,1,69.0,513.803512732616,true,2.0
01.02.2016.DEN.at.GSW,1,50.8,722.2835367884323,false,3.0
01.02.2016.DEN.at.GSW,1,42.9,308.79241016398436,false,3.0
01.02.2016.DEN.at.GSW,1,39.9,592.2279863207028,false,2.0
01.02.2016.DEN.at.GSW,1,35.9,420.72287831827236,false,3.0
01.02.2016.DEN.at.GSW,1,22.1,478.8790938753941,true,3.0
01.02.2016.DEN.at.GSW,1,2.9,1193.140782016484,true,2.0
01.02.2016.DEN.at.GSW,2,710.0,683.3418783567103,false,3.0
01.02.2016.DEN.at.GSW,2,699.0,799.9828043672877,true,2.0
01.02.2016.DEN.at.GSW,2,680.0,263.7176591042431,false,2.0
01.02.2016.DEN.at.GSW,2,680.0,263.7176591042431,false,2.0
01.02.2016.DEN.at.GSW,2,667.0,431.9093155631749,false,2.0
01.02.2016.DEN.at.GSW,2,654.0,574.2200798637326,true,2.0
01.02.2016.DEN.at.GSW,2,637.0,312.48276932659894,true,2.0
01.02.2016.DEN.at.GSW,2,609.0,463.0408013043433,true,2.0
01.02.2016.DEN.at.GSW,2,598.0,1254.0139042523178,true,3.0
01.02.2016.DEN.at.GSW,2,566.0,570.9981845951565,false,2.0
01.02.2016.DEN.at.GSW,2,564.0,557.777744877437,false,2.0
01.02.2016.DEN.at.GSW,2,535.0,733.935160481115,false,2.0
01.02.2016.DEN.at.GSW,2,523.0,465.47183956859084,true,2.0
01.02.2016.DEN.at.GSW,2,513.0,924.0705503886,true,3.0
01.02.2016.DEN.at.GSW,2,485.0,234.88709237165295,false,3.0
01.02.2016.DEN.at.GSW,2,480.0,656.0541961896572,false,3.0
01.02.2016.DEN.at.GSW,2,453.0,323.6546451720969,false,2.0
01.02.2016.DEN.at.GSW,2,434.0,499.2205981149128,true,2.0
01.02.2016.DEN.at.GSW,2,413.0,374.574928720937,true,2.0
01.02.2016.DEN.at.GSW,2,396.0,341.52732233113574,true,2.0
01.02.2016.DEN.at.GSW,2,364.0,645.0710374234402,false,2.0
01.02.2016.DEN.at.GSW,2,353.0,359.5231419282287,false,3.0
01.02.2016.DEN.at.GSW,2,340.0,723.9771236843303,true,2.0
01.02.2016.DEN.at.GSW,2,310.0,148.40459162206747,true,2.0
01.02.2016.DEN.at.GSW,2,288.0,361.1347426008395,true,3.0
01.02.2016.DEN.at.GSW,2,265.0,1019.8230384967419,false,3.0
01.02.2016.DEN.at.GSW,2,244.0,814.0974258422909,true,2.0
01.02.2016.DEN.at.GSW,2,223.0,585.57382667635,true,2.0
01.02.2016.DEN.at.GSW,2,208.0,452.0812366045564,true,2.0
01.02.2016.DEN.at.GSW,2,187.0,370.5415120630226,false,3.0
01.02.2016.DEN.at.GSW,2,173.0,681.4762913953347,true,2.0
01.02.2016.DEN.at.GSW,2,155.0,519.2018154398971,true,2.0
01.02.2016.DEN.at.GSW,2,121.0,355.24554140723006,true,3.0
01.02.2016.DEN.at.GSW,2,89.0,683.250845746163,false,2.0
01.02.2016.DEN.at.GSW,2,73.0,1028.106749359263,true,2.0
01.02.2016.DEN.at.GSW,2,56.4,477.2788404806447,true,2.0
01.02.2016.DEN.at.GSW,2,43.9,794.4624358873641,false,3.0
01.02.2016.DEN.at.GSW,2,18.8,891.478093224527,false,2.0
01.02.2016.DEN.at.GSW,2,1.1,952.2777009829978,true,2.0
01.02.2016.DEN.at.GSW,3,668.0,602.9406106834722,false,2.0
01.02.2016.DEN.at.GSW,3,649.0,421.15844997476665,true,3.0
01.02.2016.DEN.at.GSW,3,634.0,503.4919357395278,true,2.0
01.02.2016.DEN.at.GSW,3,621.0,287.7877144195362,true,2.0
01.02.2016.DEN.at.GSW,3,587.0,556.6997710928201,true,2.0
01.02.2016.DEN.at.GSW,3,574.0,317.5796493136807,false,3.0
01.02.2016.DEN.at.GSW,3,573.0,384.0539811917,true,2.0
01.02.2016.DEN.at.GSW,3,549.0,515.8563230602882,true,2.0
01.02.2016.DEN.at.GSW,3,486.0,688.4449994735037,false,2.0
01.02.2016.DEN.at.GSW,3,484.0,534.4803189268356,false,2.0
01.02.2016.DEN.at.GSW,3,479.0,626.5205061169057,false,2.0
01.02.2016.DEN.at.GSW,3,449.0,523.841162496675,true,2.0
01.02.2016.DEN.at.GSW,3,436.0,200.70380367195582,true,2.0
01.02.2016.DEN.at.GSW,3,419.0,452.164542112975,false,2.0
01.02.2016.DEN.at.GSW,3,416.0,462.6650877282784,false,2.0
01.02.2016.DEN.at.GSW,3,415.0,560.3385485220107,false,2.0
01.02.2016.DEN.at.GSW,3,410.0,131.16589381843,false,3.0
01.02.2016.DEN.at.GSW,3,408.0,273.6788273299582,false,2.0
01.02.2016.DEN.at.GSW,3,394.0,572.3233199894305,false,3.0
01.02.2016.DEN.at.GSW,3,379.0,677.474519134115,false,3.0
01.02.2016.DEN.at.GSW,3,367.0,563.233761627676,true,2.0
01.02.2016.DEN.at.GSW,3,344.0,771.6049939475434,false,3.0
01.02.2016.DEN.at.GSW,3,319.0,706.9878722632561,false,2.0
01.02.2016.DEN.at.GSW,3,307.0,601.8488841097472,true,2.0
01.02.2016.DEN.at.GSW,3,284.0,668.6749462854641,false,2.0
01.02.2016.DEN.at.GSW,3,273.0,1028.6176527274217,true,2.0
01.02.2016.DEN.at.GSW,3,241.0,890.6897764853487,true,2.0
01.02.2016.DEN.at.GSW,3,232.0,689.4772538278011,false,2.0
01.02.2016.DEN.at.GSW,3,222.0,363.7743451380339,false,2.0
01.02.2016.DEN.at.GSW,3,215.0,565.9317717567125,false,3.0
01.02.2016.DEN.at.GSW,3,190.0,686.147033298621,true,2.0
01.02.2016.DEN.at.GSW,3,154.0,194.61239938078,true,2.0
01.02.2016.DEN.at.GSW,3,140.0,712.3973772014975,false,2.0
01.02.2016.DEN.at.GSW,3,140.0,712.3973772014975,true,2.0
01.02.2016.DEN.at.GSW,3,124.0,489.48115660665655,true,2.0
01.02.2016.DEN.at.GSW,3,105.0,325.09941856883614,false,2.0
01.02.2016.DEN.at.GSW,3,94.0,615.0803221580835,true,2.0
01.02.2016.DEN.at.GSW,3,83.0,354.10779547210916,true,3.0
01.02.2016.DEN.at.GSW,3,61.0,478.8392477765589,true,3.0
01.02.2016.DEN.at.GSW,3,43.9,532.0586786125284,false,2.0
01.02.2016.DEN.at.GSW,3,31.8,840.332594401956,false,3.0
01.02.2016.DEN.at.GSW,3,31.8,840.332594401956,true,2.0
01.02.2016.DEN.at.GSW,3,10.1,411.301657862787,true,2.0
01.02.2016.DEN.at.GSW,3,2.6,514.0896161695672,true,2.0
01.02.2016.DEN.at.GSW,4,701.0,383.1654760065782,false,3.0
01.02.2016.DEN.at.GSW,4,688.0,589.9604676579293,false,2.0
01.02.2016.DEN.at.GSW,4,675.0,609.9835533728384,false,2.0
01.02.2016.DEN.at.GSW,4,666.0,844.5742276666188,true,3.0
01.02.2016.DEN.at.GSW,4,642.0,430.82721892045583,false,2.0
01.02.2016.DEN.at.GSW,4,636.0,247.3166863994951,false,3.0
01.02.2016.DEN.at.GSW,4,625.0,536.5203608019157,true,2.0
01.02.2016.DEN.at.GSW,4,598.0,551.4969697883181,true,2.0
01.02.2016.DEN.at.GSW,4,574.0,190.91214466702644,false,2.0
01.02.2016.DEN.at.GSW,4,562.0,551.9147313040343,true,2.0
01.02.2016.DEN.at.GSW,4,537.0,308.66326811339303,false,2.0
01.02.2016.DEN.at.GSW,4,536.0,405.9980976333435,false,2.0
01.02.2016.DEN.at.GSW,4,535.0,430.4015353091488,false,2.0
01.02.2016.DEN.at.GSW,4,525.0,480.08814613309494,false,2.0
01.02.2016.DEN.at.GSW,4,502.0,519.1203420881121,true,2.0
01.02.2016.DEN.at.GSW,4,477.0,780.2069096548399,false,3.0
01.02.2016.DEN.at.GSW,4,463.0,417.65195800851626,true,2.0
01.02.2016.DEN.at.GSW,4,444.0,634.369605806034,true,2.0
01.02.2016.DEN.at.GSW,4,428.0,563.5887896437346,false,2.0
01.02.2016.DEN.at.GSW,4,400.0,407.4250680840739,true,2.0
01.02.2016.DEN.at.GSW,4,383.0,681.718527318173,false,3.0
01.02.2016.DEN.at.GSW,4,370.0,425.75990991048786,true,2.0
01.02.2016.DEN.at.GSW,4,337.0,341.97504583374297,true,2.0
01.02.2016.DEN.at.GSW,4,287.0,853.0247595583267,true,2.0
01.02.2016.DEN.at.GSW,4,263.0,370.6872813700557,false,2.0
01.02.2016.DEN.at.GSW,4,255.0,531.4443257160731,false,3.0
01.02.2016.DEN.at.GSW,4,245.0,683.3544379596939,true,2.0
01.02.2016.DEN.at.GSW,4,227.0,712.8443648430632,true,3.0
01.02.2016.DEN.at.GSW,4,211.0,460.1715105798145,false,3.0
01.02.2016.DEN.at.GSW,4,202.0,840.1390514915463,true,2.0
01.02.2016.DEN.at.GSW,4,187.0,308.91607368189324,true,2.0
01.02.2016.DEN.at.GSW,4,162.0,663.4878540044726,false,2.0
01.02.2016.DEN.at.GSW,4,145.0,846.475577091501,false,3.0
01.02.2016.DEN.at.GSW,4,125.0,276.98647816450966,false,3.0
01.02.2016.DEN.at.GSW,4,107.0,466.6751087557029,false,2.0
01.02.2016.DEN.at.GSW,4,88.0,583.644339198931,false,2.0
01.02.2016.DEN.at.GSW,4,85.0,513.0719842900544,false,2.0
01.02.2016.DEN.at.GSW,4,82.0,531.6180568938332,false,3.0
01.02.2016.DEN.at.GSW,4,75.0,344.13273339422835,false,2.0
01.02.2016.DEN.at.GSW,4,59.9,718.2031023690314,false,2.0
01.02.2016.DEN.at.GSW,4,34.5,232.33545414343126,true,2.0
01.02.2016.DEN.at.GSW,4,9.9,417.1283217743987,false,2.0
01.02.2016.DEN.at.GSW,4,1.7,338.38314472508006,true,2.0
01.02.2016.DEN.at.GSW,5,280.0,288.46846637052556,false,2.0
01.02.2016.DEN.at.GSW,5,269.0,327.44942593897815,false,3.0
01.02.2016.DEN.at.GSW,5,258.0,1075.79905265536,false,2.0
01.02.2016.DEN.at.GSW,5,230.0,649.4290019422499,false,2.0
01.02.2016.DEN.at.GSW,5,208.0,503.7258861465206,false,3.0
01.02.2016.DEN.at.GSW,5,196.0,685.8277947635322,true,2.0
01.02.2016.DEN.at.GSW,5,176.0,727.2213867759851,false,3.0
01.02.2016.DEN.at.GSW,5,155.0,513.7628253950378,true,2.0
01.02.2016.DEN.at.GSW,5,141.0,382.6514176889136,false,2.0
01.02.2016.DEN.at.GSW,5,138.0,321.8821258525397,true,2.0
01.02.2016.DEN.at.GSW,5,94.0,754.105741210687,false,2.0
01.02.2016.DEN.at.GSW,5,74.0,550.9582922886863,false,3.0
01.02.2016.DEN.at.GSW,5,47.4,401.0910193370999,true,2.0
01.02.2016.DEN.at.GSW,5,33.3,474.6245764260564,true,2.0
01.02.2016.DEN.at.GSW,5,15.6,483.26967198780983,true,2.0
01.02.2016.DEN.at.GSW,5,6.9,585.2244479694134,false,2.0
01.02.2016.DEN.at.GSW,5,1.0,362.5279554657318,false,3.0
01.02.2016.DET.at.IND,1,682.0,386.6894697075642,false,2.0
01.02.2016.DET.at.IND,1,668.0,532.0551533564708,true,2.0
01.02.2016.DET.at.IND,1,653.0,278.3834767980678,false,2.0
01.02.2016.DET.at.IND,1,638.0,517.2222891012399,false,3.0
01.02.2016.DET.at.IND,1,627.0,570.091301575538,false,2.0
01.02.2016.DET.at.IND,1,619.0,441.9183224540209,true,2.0
01.02.2016.DET.at.IND,1,606.0,545.3646970566548,false,2.0
01.02.2016.DET.at.IND,1,594.0,589.0174990894837,false,2.0
01.02.2016.DET.at.IND,1,583.0,535.2399870286516,false,2.0
01.02.2016.DET.at.IND,1,577.0,818.1309887328752,true,2.0
01.02.2016.DET.at.IND,1,537.0,429.0071876230289,false,2.0
01.02.2016.DET.at.IND,1,527.0,544.6662596828069,false,2.0
01.02.2016.DET.at.IND,1,511.0,403.6128038489071,false,2.0
01.02.2016.DET.at.IND,1,494.0,325.53551705372297,true,2.0
01.02.2016.DET.at.IND,1,463.0,651.2714199759628,false,3.0
01.02.2016.DET.at.IND,1,449.0,870.5865936342816,false,2.0
01.02.2016.DET.at.IND,1,410.0,395.97874532916245,false,3.0
01.02.2016.DET.at.IND,1,394.0,400.614005162752,false,2.0
01.02.2016.DET.at.IND,1,373.0,781.9788055213111,false,3.0
01.02.2016.DET.at.IND,1,362.0,501.53317145210485,false,2.0
01.02.2016.DET.at.IND,1,360.0,239.92090982193335,true,2.0
01.02.2016.DET.at.IND,1,350.0,472.3709984684069,false,2.0
01.02.2016.DET.at.IND,1,346.0,284.6157851896,false,2.0
01.02.2016.DET.at.IND,1,335.0,561.3479863642552,false,2.0
01.02.2016.DET.at.IND,1,324.0,422.5751108930266,true,2.0
01.02.2016.DET.at.IND,1,305.0,603.5753439585521,true,2.0
01.02.2016.DET.at.IND,1,290.0,474.60257767612865,false,3.0
01.02.2016.DET.at.IND,1,270.0,453.6940281028371,false,2.0
01.02.2016.DET.at.IND,1,269.0,460.0620284097194,false,2.0
01.02.2016.DET.at.IND,1,256.0,566.9030999773564,true,2.0
01.02.2016.DET.at.IND,1,212.0,420.6129524406333,true,3.0
01.02.2016.DET.at.IND,1,167.0,450.2789525159716,true,3.0
01.02.2016.DET.at.IND,1,149.0,501.28517964959036,false,2.0
01.02.2016.DET.at.IND,1,145.0,488.4233488905316,true,2.0
01.02.2016.DET.at.IND,1,125.0,426.13137037595646,true,2.0
01.02.2016.DET.at.IND,1,98.0,562.6298076262351,true,2.0
01.02.2016.DET.at.IND,1,76.0,516.4167344646468,false,2.0
01.02.2016.DET.at.IND,1,73.0,485.74662641067084,false,2.0
01.02.2016.DET.at.IND,1,72.0,418.82724261639595,true,2.0
01.02.2016.DET.at.IND,1,33.4,439.2176148463499,true,2.0
01.02.2016.DET.at.IND,1,21.9,491.80476612803267,false,3.0
01.02.2016.DET.at.IND,1,1.6,672.5477044256545,false,2.0
01.02.2016.DET.at.IND,1,0.6,522.1575965532613,true,2.0
01.02.2016.DET.at.IND,2,652.0,493.702381905032,true,2.0
01.02.2016.DET.at.IND,2,627.0,445.57180443515864,true,2.0
01.02.2016.DET.at.IND,2,613.0,643.3260341885773,false,3.0
01.02.2016.DET.at.IND,2,595.0,412.32612267088297,false,2.0
01.02.2016.DET.at.IND,2,577.0,529.5479772849569,true,2.0
01.02.2016.DET.at.IND,2,562.0,520.0859918328522,false,2.0
01.02.2016.DET.at.IND,2,548.0,524.2912983472162,false,3.0
01.02.2016.DET.at.IND,2,529.0,484.86959558892727,false,3.0
01.02.2016.DET.at.IND,2,483.0,648.773785366261,false,2.0
01.02.2016.DET.at.IND,2,447.0,304.75725731369374,false,2.0
01.02.2016.DET.at.IND,2,445.0,392.82248374972136,true,2.0
01.02.2016.DET.at.IND,2,430.0,411.23066027488835,false,3.0
01.02.2016.DET.at.IND,2,415.0,443.84061026005435,true,2.0
01.02.2016.DET.at.IND,2,380.0,409.6913714620671,true,2.0
01.02.2016.DET.at.IND,2,351.0,193.455698707589,true,2.0
01.02.2016.DET.at.IND,2,328.0,595.2363774511571,false,2.0
01.02.2016.DET.at.IND,2,318.0,358.30971806085637,false,3.0
01.02.2016.DET.at.IND,2,300.0,275.98961737311527,false,2.0
01.02.2016.DET.at.IND,2,290.0,770.0308067488482,false,2.0
01.02.2016.DET.at.IND,2,281.0,434.29968651614485,true,2.0
01.02.2016.DET.at.IND,2,269.0,718.9400536830174,false,2.0
01.02.2016.DET.at.IND,2,262.0,319.5546678322266,true,2.0
01.02.2016.DET.at.IND,2,247.0,545.7421328226383,false,2.0
01.02.2016.DET.at.IND,2,220.0,622.4984418783973,true,2.0
01.02.2016.DET.at.IND,2,191.0,624.5444568573716,false,2.0
01.02.2016.DET.at.IND,2,180.0,545.2553689396486,false,2.0
01.02.2016.DET.at.IND,2,165.0,550.6437575102327,true,3.0
01.02.2016.DET.at.IND,2,143.0,443.80026104931164,false,2.0
01.02.2016.DET.at.IND,2,129.0,414.956063205833,false,2.0
01.02.2016.DET.at.IND,2,119.0,449.8160442643905,false,2.0
01.02.2016.DET.at.IND,2,106.0,475.3687615297404,false,3.0
01.02.2016.DET.at.IND,2,95.0,252.8020807291256,true,2.0
01.02.2016.DET.at.IND,2,56.9,380.09871119287806,false,3.0
01.02.2016.DET.at.IND,2,41.9,393.7916819499409,false,3.0
01.02.2016.DET.at.IND,2,32.2,743.6429596785501,true,2.0
01.02.2016.DET.at.IND,2,21.9,761.4658439293399,false,2.0
01.02.2016.DET.at.IND,2,15.8,452.55605872454674,true,2.0
01.02.2016.DET.at.IND,2,0.0,365.94841455071196,false,2.0
01.02.2016.DET.at.IND,3,631.0,497.0824423185019,true,2.0
01.02.2016.DET.at.IND,3,617.0,642.9517744913474,true,2.0
01.02.2016.DET.at.IND,3,605.0,326.57487284141894,false,2.0
01.02.2016.DET.at.IND,3,592.0,481.7095719410609,false,3.0
01.02.2016.DET.at.IND,3,585.0,398.7101812762213,false,3.0
01.02.2016.DET.at.IND,3,577.0,400.04151319922335,true,2.0
01.02.2016.DET.at.IND,3,525.0,655.4707945263264,false,2.0
01.02.2016.DET.at.IND,3,524.0,626.6935420129215,false,2.0
01.02.2016.DET.at.IND,3,498.0,567.2621319535267,true,2.0
01.02.2016.DET.at.IND,3,481.0,548.2473737284514,true,3.0
01.02.2016.DET.at.IND,3,466.0,715.5180854716847,true,2.0
01.02.2016.DET.at.IND,3,447.0,336.85557025103543,false,2.0
01.02.2016.DET.at.IND,3,439.0,771.5061161437404,false,3.0
01.02.2016.DET.at.IND,3,402.0,648.0015743586357,false,2.0
01.02.2016.DET.at.IND,3,393.0,496.49390456454506,false,2.0
01.02.2016.DET.at.IND,3,337.0,621.7827008630445,false,2.0
01.02.2016.DET.at.IND,3,323.0,611.1531215322649,true,2.0
01.02.2016.DET.at.IND,3,298.0,438.958581327529,false,2.0
01.02.2016.DET.at.IND,3,285.0,537.6693084347102,true,3.0
01.02.2016.DET.at.IND,3,263.0,619.6690095579071,false,3.0
01.02.2016.DET.at.IND,3,229.0,667.4322332686344,true,2.0
01.02.2016.DET.at.IND,3,191.0,567.0715263762481,false,2.0
01.02.2016.DET.at.IND,3,189.0,576.8039451931035,false,2.0
01.02.2016.DET.at.IND,3,147.0,661.089061576128,false,2.0
01.02.2016.DET.at.IND,3,143.0,401.34848655108635,true,2.0
01.02.2016.DET.at.IND,3,103.0,756.2790164677531,false,3.0
01.02.2016.DET.at.IND,3,90.0,655.6919848438524,true,2.0
01.02.2016.DET.at.IND,3,57.8,580.4737760853251,true,2.0
01.02.2016.DET.at.IND,3,37.9,482.3433488589458,false,2.0
01.02.2016.DET.at.IND,3,31.9,838.0502603090359,false,2.0
01.02.2016.DET.at.IND,3,23.8,525.8941866202107,false,2.0
01.02.2016.DET.at.IND,3,4.3,538.3645166103314,true,2.0
01.02.2016.DET.at.IND,4,685.0,386.6791377738454,false,2.0
01.02.2016.DET.at.IND,4,640.0,276.7718474914088,true,2.0
01.02.2016.DET.at.IND,4,620.0,561.4152814916383,true,2.0
01.02.2016.DET.at.IND,4,599.0,404.7714982202031,false,2.0
01.02.2016.DET.at.IND,4,587.0,738.476702029392,false,2.0
01.02.2016.DET.at.IND,4,577.0,448.5408135677,false,3.0
01.02.2016.DET.at.IND,4,540.0,544.940179162832,false,2.0
01.02.2016.DET.at.IND,4,539.0,579.861616852936,false,2.0
01.02.2016.DET.at.IND,4,522.0,288.33572425035186,true,2.0
01.02.2016.DET.at.IND,4,479.0,756.1563068009841,true,2.0
01.02.2016.DET.at.IND,4,464.0,262.0476795151513,false,2.0
01.02.2016.DET.at.IND,4,424.0,638.5989449249552,false,2.0
01.02.2016.DET.at.IND,4,422.0,561.8887790446379,false,2.0
01.02.2016.DET.at.IND,4,419.0,352.1711956938932,false,3.0
01.02.2016.DET.at.IND,4,399.0,444.68753883647224,false,3.0
01.02.2016.DET.at.IND,4,387.0,529.2262382751268,true,2.0
01.02.2016.DET.at.IND,4,374.0,512.9229743833389,false,3.0
01.02.2016.DET.at.IND,4,357.0,437.2100429175311,false,2.0
01.02.2016.DET.at.IND,4,342.0,544.2966372536933,true,2.0
01.02.2016.DET.at.IND,4,313.0,308.9745075936628,false,2.0
01.02.2016.DET.at.IND,4,305.0,304.5477931106952,false,2.0
01.02.2016.DET.at.IND,4,275.0,638.1912199666671,false,2.0
01.02.2016.DET.at.IND,4,263.0,294.8140845671378,false,2.0
01.02.2016.DET.at.IND,4,257.0,369.43207097796204,true,2.0
01.02.2016.DET.at.IND,4,243.0,258.00757568551757,true,2.0
01.02.2016.DET.at.IND,4,211.0,305.98394181147114,true,2.0
01.02.2016.DET.at.IND,4,195.0,317.01148429077267,true,3.0
01.02.2016.DET.at.IND,4,158.0,550.3222166363348,true,2.0
01.02.2016.DET.at.IND,4,140.0,431.7121916862119,true,2.0
01.02.2016.DET.at.IND,4,98.0,535.8701550172707,false,2.0
01.02.2016.DET.at.IND,4,78.0,207.33525481513436,false,2.0
01.02.2016.DET.at.IND,4,68.0,323.3946263689196,false,3.0
01.02.2016.DET.at.IND,4,48.9,415.1632944058981,true,2.0
01.02.2016.DET.at.IND,4,41.6,647.1559483074249,true,3.0
01.02.2016.DET.at.IND,4,22.6,646.3169917803078,true,2.0
01.02.2016.DET.at.IND,4,16.9,686.3850282883783,false,3.0
01.02.2016.HOU.at.SAS,1,660.0,264.090350957419,false,2.0
01.02.2016.HOU.at.SAS,1,649.0,332.6089368320499,false,2.0
01.02.2016.HOU.at.SAS,1,619.0,357.03133505493594,false,2.0
01.02.2016.HOU.at.SAS,1,605.0,266.1174808519539,false,2.0
01.02.2016.HOU.at.SAS,1,579.0,502.02586957305897,false,2.0
01.02.2016.HOU.at.SAS,1,547.0,546.8174028023857,false,2.0
01.02.2016.HOU.at.SAS,1,539.0,501.160089074718,false,2.0
01.02.2016.HOU.at.SAS,1,531.0,703.3774709660182,true,3.0
01.02.2016.HOU.at.SAS,1,516.0,340.74941035887974,false,2.0
01.02.2016.HOU.at.SAS,1,502.0,375.8593609154476,true,2.0
01.02.2016.HOU.at.SAS,1,478.0,578.9479360101499,false,3.0
01.02.2016.HOU.at.SAS,1,470.0,402.6592215568897,true,3.0
01.02.2016.HOU.at.SAS,1,446.0,466.891361105887,true,2.0
01.02.2016.HOU.at.SAS,1,409.0,368.7382416045523,false,2.0
01.02.2016.HOU.at.SAS,1,402.0,785.9229520178835,true,2.0
01.02.2016.HOU.at.SAS,1,369.0,290.74280830596405,true,3.0
01.02.2016.HOU.at.SAS,1,344.0,818.0667740090461,false,2.0
01.02.2016.HOU.at.SAS,1,340.0,605.9572749887604,false,2.0
01.02.2016.HOU.at.SAS,1,334.0,454.8848807417723,false,3.0
01.02.2016.HOU.at.SAS,1,325.0,777.9081662351455,false,3.0
01.02.2016.HOU.at.SAS,1,319.0,592.6662220842138,true,3.0
01.02.2016.HOU.at.SAS,1,259.0,652.9047847304812,true,2.0
01.02.2016.HOU.at.SAS,1,236.0,661.6870332810266,true,2.0
01.02.2016.HOU.at.SAS,1,217.0,590.7050739410973,true,2.0
01.02.2016.HOU.at.SAS,1,202.0,708.161150479489,false,2.0
01.02.2016.HOU.at.SAS,1,193.0,870.7400385683951,true,2.0
01.02.2016.HOU.at.SAS,1,175.0,679.5078987366535,true,2.0
01.02.2016.HOU.at.SAS,1,158.0,442.79817289258,true,2.0
01.02.2016.HOU.at.SAS,1,126.0,1271.5744039992592,true,2.0
01.02.2016.HOU.at.SAS,1,109.0,653.2884177915913,false,3.0
01.02.2016.HOU.at.SAS,1,83.0,208.06971042584308,true,2.0
01.02.2016.HOU.at.SAS,1,65.0,502.6657263841821,true,3.0
01.02.2016.HOU.at.SAS,1,38.9,684.2477148210259,true,2.0
01.02.2016.HOU.at.SAS,1,5.9,374.58972502219996,false,2.0
01.02.2016.HOU.at.SAS,1,0.0,753.7285181536942,false,2.0
01.02.2016.HOU.at.SAS,2,675.0,525.7188569045732,true,2.0
01.02.2016.HOU.at.SAS,2,660.0,329.4556976613308,false,2.0
01.02.2016.HOU.at.SAS,2,657.0,296.8124050309167,false,2.0
01.02.2016.HOU.at.SAS,2,652.0,1426.8600687975502,false,3.0
01.02.2016.HOU.at.SAS,2,636.0,540.370984248148,false,3.0
01.02.2016.HOU.at.SAS,2,625.0,668.4609934707686,false,2.0
01.02.2016.HOU.at.SAS,2,615.0,1103.43131549074,true,2.0
01.02.2016.HOU.at.SAS,2,602.0,613.9200688463626,false,3.0
01.02.2016.HOU.at.SAS,2,590.0,502.182466833417,false,2.0
01.02.2016.HOU.at.SAS,2,580.0,485.7006379544823,false,3.0
01.02.2016.HOU.at.SAS,2,561.0,701.0276600236392,true,2.0
01.02.2016.HOU.at.SAS,2,509.0,548.2006385220681,true,2.0
01.02.2016.HOU.at.SAS,2,474.0,724.4609272894002,true,2.0
01.02.2016.HOU.at.SAS,2,451.0,484.60676577831805,false,2.0
01.02.2016.HOU.at.SAS,2,436.0,688.2413903828157,true,2.0
01.02.2016.HOU.at.SAS,2,419.0,479.6595852542976,true,2.0
01.02.2016.HOU.at.SAS,2,402.0,698.5734127141964,true,2.0
01.02.2016.HOU.at.SAS,2,338.0,462.6323249808212,false,2.0
01.02.2016.HOU.at.SAS,2,327.0,402.54380532175674,true,2.0
01.02.2016.HOU.at.SAS,2,285.0,319.6604163555426,true,2.0
01.02.2016.HOU.at.SAS,2,271.0,349.7737261985136,false,2.0
01.02.2016.HOU.at.SAS,2,264.0,622.8601103614759,false,3.0
01.02.2016.HOU.at.SAS,2,254.0,502.3344576491104,true,3.0
01.02.2016.HOU.at.SAS,2,243.0,431.049853479332,true,2.0
01.02.2016.HOU.at.SAS,2,228.0,1397.108730695322,true,3.0
01.02.2016.HOU.at.SAS,2,155.0,400.0168345245456,true,2.0
01.02.2016.HOU.at.SAS,2,140.0,379.54879819635636,true,2.0
01.02.2016.HOU.at.SAS,2,122.0,497.8818483196337,false,2.0
01.02.2016.HOU.at.SAS,2,118.0,484.1819299634927,true,2.0
01.02.2016.HOU.at.SAS,2,104.0,561.4478416671652,false,2.0
01.02.2016.HOU.at.SAS,2,91.0,372.3772338548513,true,3.0
01.02.2016.HOU.at.SAS,2,29.9,434.21358284908,false,2.0
01.02.2016.HOU.at.SAS,2,8.9,510.9094940474419,false,3.0
01.02.2016.HOU.at.SAS,2,2.9,470.83192569514404,true,3.0
01.02.2016.HOU.at.SAS,3,659.0,353.971800071441,true,3.0
01.02.2016.HOU.at.SAS,3,641.0,539.7587070306964,true,2.0
01.02.2016.HOU.at.SAS,3,619.0,699.3354929605068,false,2.0
01.02.2016.HOU.at.SAS,3,558.0,431.058842739307,true,2.0
01.02.2016.HOU.at.SAS,3,547.0,386.04923499771803,true,2.0
01.02.2016.HOU.at.SAS,3,531.0,650.5088087540637,false,2.0
01.02.2016.HOU.at.SAS,3,489.0,252.15390641241473,true,2.0
01.02.2016.HOU.at.SAS,3,470.0,607.4847078265376,false,2.0
01.02.2016.HOU.at.SAS,3,456.0,245.69113476183404,true,3.0
01.02.2016.HOU.at.SAS,3,441.0,535.0545894586033,false,2.0
01.02.2016.HOU.at.SAS,3,424.0,494.86786232110836,false,2.0
01.02.2016.HOU.at.SAS,3,398.0,500.13016919851,false,2.0
01.02.2016.HOU.at.SAS,3,389.0,1087.9359482554732,true,2.0
01.02.2016.HOU.at.SAS,3,338.0,691.8065665970867,true,2.0
01.02.2016.HOU.at.SAS,3,285.0,981.8062727154578,true,2.0
01.02.2016.HOU.at.SAS,3,253.0,600.0457045146408,true,3.0
01.02.2016.HOU.at.SAS,3,205.0,628.6729282824647,false,3.0
01.02.2016.HOU.at.SAS,3,196.0,561.0791068344294,false,3.0
01.02.2016.HOU.at.SAS,3,163.0,466.67594348630223,false,2.0
01.02.2016.HOU.at.SAS,3,139.0,530.2000180084335,false,2.0
01.02.2016.HOU.at.SAS,3,79.0,433.31278765420296,true,2.0
01.02.2016.HOU.at.SAS,3,60.0,493.15314534962096,true,2.0
01.02.2016.HOU.at.SAS,3,33.9,1219.8712914514188,true,2.0
01.02.2016.HOU.at.SAS,3,27.9,933.083936599847,false,3.0
01.02.2016.HOU.at.SAS,3,4.3,894.356165017328,true,3.0
01.02.2016.HOU.at.SAS,3,0.0,377.51507687882076,false,3.0
01.02.2016.HOU.at.SAS,4,668.0,529.300115910971,true,2.0
01.02.2016.HOU.at.SAS,4,653.0,737.4442522664986,true,3.0
01.02.2016.HOU.at.SAS,4,626.0,560.4304406348538,true,3.0
01.02.2016.HOU.at.SAS,4,596.0,418.8399315825188,false,2.0
01.02.2016.HOU.at.SAS,4,593.0,293.5035170430829,true,2.0
01.02.2016.HOU.at.SAS,4,541.0,364.52856517770005,false,2.0
01.02.2016.HOU.at.SAS,4,522.0,230.971796982183,true,2.0
01.02.2016.HOU.at.SAS,4,512.0,554.5933458894355,false,3.0
01.02.2016.HOU.at.SAS,4,495.0,460.508405615182,false,2.0
01.02.2016.HOU.at.SAS,4,472.0,837.3243032667162,true,3.0
01.02.2016.HOU.at.SAS,4,410.0,334.8489232122954,false,2.0
01.02.2016.HOU.at.SAS,4,388.0,939.7561005819514,false,2.0
01.02.2016.HOU.at.SAS,4,383.0,451.7966663190711,false,3.0
01.02.2016.HOU.at.SAS,4,378.0,463.45100196910005,false,2.0
01.02.2016.HOU.at.SAS,4,364.0,589.3214718318003,false,2.0
01.02.2016.HOU.at.SAS,4,344.0,303.3408422481188,false,2.0
01.02.2016.HOU.at.SAS,4,334.0,308.7808051189905,true,2.0
01.02.2016.HOU.at.SAS,4,279.0,551.498277979888,false,2.0
01.02.2016.HOU.at.SAS,4,249.0,494.2913896931267,false,3.0
01.02.2016.HOU.at.SAS,4,233.0,258.4443670346789,false,2.0
01.02.2016.HOU.at.SAS,4,223.0,569.3146907292539,true,2.0
01.02.2016.HOU.at.SAS,4,172.0,426.85963597351065,true,2.0
01.02.2016.HOU.at.SAS,4,146.0,435.25258218758097,false,2.0
01.02.2016.HOU.at.SAS,4,131.0,418.63168369415115,true,2.0
01.02.2016.HOU.at.SAS,4,90.0,838.5839044936803,false,2.0
01.02.2016.HOU.at.SAS,4,55.9,363.4626590149751,false,2.0
01.02.2016.HOU.at.SAS,4,31.5,452.1078871930763,true,2.0
01.02.2016.HOU.at.SAS,4,26.2,793.825232823525,true,3.0
01.02.2016.HOU.at.SAS,4,0.0,411.379058817781,false,2.0
01.02.2016.MEM.at.UTA,1,676.0,585.0938516422847,false,2.0
01.02.2016.MEM.at.UTA,1,656.0,559.5785741308534,false,2.0
01.02.2016.MEM.at.UTA,1,637.0,323.53004798943516,true,3.0
01.02.2016.MEM.at.UTA,1,620.0,394.0168704726143,true,2.0
01.02.2016.MEM.at.UTA,1,599.0,497.290430056013,true,2.0
01.02.2016.MEM.at.UTA,1,556.0,625.295346791908,true,2.0
01.02.2016.MEM.at.UTA,1,535.0,417.4981819352175,false,2.0
01.02.2016.MEM.at.UTA,1,522.0,823.532127135053,true,2.0
01.02.2016.MEM.at.UTA,1,505.0,394.9742368372263,true,2.0
01.02.2016.MEM.at.UTA,1,485.0,632.7533383220028,true,2.0
01.02.2016.MEM.at.UTA,1,459.0,303.17934655964,true,2.0
01.02.2016.MEM.at.UTA,1,444.0,557.3303058364638,true,3.0
01.02.2016.MEM.at.UTA,1,426.0,504.2367503474417,true,3.0
01.02.2016.MEM.at.UTA,1,406.0,602.1287529712183,false,2.0
01.02.2016.MEM.at.UTA,1,365.0,596.6339925483244,true,2.0
01.02.2016.MEM.at.UTA,1,334.0,676.8772618696726,false,3.0
01.02.2016.MEM.at.UTA,1,319.0,212.19072560743595,false,2.0
01.02.2016.MEM.at.UTA,1,312.0,1097.462746387845,false,3.0
01.02.2016.MEM.at.UTA,1,298.0,591.6660354345775,false,3.0
01.02.2016.MEM.at.UTA,1,266.0,213.780091748347,true,2.0
01.02.2016.MEM.at.UTA,1,209.0,515.2511978118918,false,2.0
01.02.2016.MEM.at.UTA,1,196.0,585.3301853838051,false,2.0
01.02.2016.MEM.at.UTA,1,187.0,720.1831613017041,true,3.0
01.02.2016.MEM.at.UTA,1,159.0,426.2786795039034,false,3.0
01.02.2016.MEM.at.UTA,1,147.0,410.3718512572286,false,2.0
01.02.2016.MEM.at.UTA,1,130.0,743.6871885307643,true,2.0
01.02.2016.MEM.at.UTA,1,111.0,269.39132255905116,true,3.0
01.02.2016.MEM.at.UTA,1,88.0,513.1301111195013,false,2.0
01.02.2016.MEM.at.UTA,1,76.0,671.5774980371334,false,2.0
01.02.2016.MEM.at.UTA,1,62.0,475.0561759232794,false,2.0
01.02.2016.MEM.at.UTA,1,55.9,708.2689925212738,true,3.0
01.02.2016.MEM.at.UTA,1,39.9,360.0656282399927,true,3.0
01.02.2016.MEM.at.UTA,1,23.8,777.5137490284585,true,2.0
01.02.2016.MEM.at.UTA,1,1.9,678.1551936598271,true,2.0
01.02.2016.MEM.at.UTA,2,697.0,308.3885285186395,false,2.0
01.02.2016.MEM.at.UTA,2,679.0,846.8500477625716,false,3.0
01.02.2016.MEM.at.UTA,2,672.0,584.1888365510988,true,2.0
01.02.2016.MEM.at.UTA,2,621.0,637.5821789874121,false,2.0
01.02.2016.MEM.at.UTA,2,606.0,746.5822842660286,false,2.0
01.02.2016.MEM.at.UTA,2,595.0,582.0137197233973,false,3.0
01.02.2016.MEM.at.UTA,2,572.0,551.7974279815269,false,2.0
01.02.2016.MEM.at.UTA,2,570.0,481.5724243375596,true,2.0
01.02.2016.MEM.at.UTA,2,549.0,273.901767526627,false,2.0
01.02.2016.MEM.at.UTA,2,524.0,242.71384805920508,true,2.0
01.02.2016.MEM.at.UTA,2,513.0,335.97295938846094,false,2.0
01.02.2016.MEM.at.UTA,2,496.0,476.8619681056999,false,2.0
01.02.2016.MEM.at.UTA,2,490.0,398.19855009753394,false,2.0
01.02.2016.MEM.at.UTA,2,480.0,501.42066261704065,true,2.0
01.02.2016.MEM.at.UTA,2,451.0,574.1183703757945,false,2.0
01.02.2016.MEM.at.UTA,2,430.0,471.9422413426127,true,2.0
01.02.2016.MEM.at.UTA,2,406.0,244.27858748558793,false,2.0
01.02.2016.MEM.at.UTA,2,388.0,711.2828194816155,false,3.0
01.02.2016.MEM.at.UTA,2,379.0,221.62315307743904,true,2.0
01.02.2016.MEM.at.UTA,2,335.0,459.13012951921075,true,3.0
01.02.2016.MEM.at.UTA,2,286.0,228.7820734932698,true,2.0
01.02.2016.MEM.at.UTA,2,263.0,812.7688375946949,false,2.0
01.02.2016.MEM.at.UTA,2,231.0,618.7936066162409,false,2.0
01.02.2016.MEM.at.UTA,2,204.0,529.2787937734836,false,2.0
01.02.2016.MEM.at.UTA,2,185.0,726.8558984462519,true,2.0
01.02.2016.MEM.at.UTA,2,161.0,259.843790476285,true,2.0
01.02.2016.MEM.at.UTA,2,145.0,752.9208462440969,false,3.0
01.02.2016.MEM.at.UTA,2,92.0,373.6103312833671,true,2.0
01.02.2016.MEM.at.UTA,2,68.0,499.1230266600989,true,2.0
01.02.2016.MEM.at.UTA,2,44.9,267.7616538013076,true,3.0
01.02.2016.MEM.at.UTA,2,26.8,785.8753451998117,true,2.0
01.02.2016.MEM.at.UTA,2,7.9,277.65529048704997,false,3.0
01.02.2016.MEM.at.UTA,2,0.5,1252.3473779546418,false,3.0
01.02.2016.MEM.at.UTA,3,698.0,357.4354946110453,true,3.0
01.02.2016.MEM.at.UTA,3,672.0,652.6148201236122,true,2.0
01.02.2016.MEM.at.UTA,3,657.0,416.64554936883945,false,2.0
01.02.2016.MEM.at.UTA,3,643.0,462.3735883482714,true,2.0
01.02.2016.MEM.at.UTA,3,593.0,563.2932667609599,false,2.0
01.02.2016.MEM.at.UTA,3,587.0,577.7279351736981,true,2.0
01.02.2016.MEM.at.UTA,3,566.0,399.79863416826214,false,2.0
01.02.2016.MEM.at.UTA,3,552.0,232.06416190915368,false,2.0
01.02.2016.MEM.at.UTA,3,526.0,668.6634176097181,false,3.0
01.02.2016.MEM.at.UTA,3,522.0,1025.907708491062,true,2.0
01.02.2016.MEM.at.UTA,3,503.0,859.5687866399044,false,3.0
01.02.2016.MEM.at.UTA,3,502.0,830.038041853352,true,2.0
01.02.2016.MEM.at.UTA,3,483.0,417.1238242632707,false,2.0
01.02.2016.MEM.at.UTA,3,475.0,717.9359450264071,true,3.0
01.02.2016.MEM.at.UTA,3,450.0,462.77600443497147,true,2.0
01.02.2016.MEM.at.UTA,3,416.0,315.44991918890605,true,2.0
01.02.2016.MEM.at.UTA,3,389.0,488.02978285287094,true,3.0
01.02.2016.MEM.at.UTA,3,370.0,453.28269654202364,false,2.0
01.02.2016.MEM.at.UTA,3,368.0,786.4362646513637,true,2.0
01.02.2016.MEM.at.UTA,3,350.0,635.7148651180283,false,3.0
01.02.2016.MEM.at.UTA,3,341.0,535.0041127763932,true,2.0
01.02.2016.MEM.at.UTA,3,324.0,271.2109284700084,false,2.0
01.02.2016.MEM.at.UTA,3,302.0,596.711047028343,false,2.0
01.02.2016.MEM.at.UTA,3,289.0,671.2549360933762,false,2.0
01.02.2016.MEM.at.UTA,3,281.0,377.0238441708709,false,2.0
01.02.2016.MEM.at.UTA,3,261.0,616.8097775652243,false,2.0
01.02.2016.MEM.at.UTA,3,244.0,973.1818615434654,false,3.0
01.02.2016.MEM.at.UTA,3,228.0,291.61083912697507,true,2.0
01.02.2016.MEM.at.UTA,3,208.0,652.2011539559752,false,3.0
01.02.2016.MEM.at.UTA,3,184.0,703.3285500238047,false,3.0
01.02.2016.MEM.at.UTA,3,167.0,609.9467893086501,true,2.0
01.02.2016.MEM.at.UTA,3,143.0,607.9720025475499,true,2.0
01.02.2016.MEM.at.UTA,3,119.0,644.4440630134426,false,3.0
01.02.2016.MEM.at.UTA,3,87.0,618.8796109255255,false,2.0
01.02.2016.MEM.at.UTA,3,77.0,498.00946801161905,false,2.0
01.02.2016.MEM.at.UTA,3,69.0,624.8037953225738,true,3.0
01.02.2016.MEM.at.UTA,3,48.8,552.5806898346118,true,3.0
01.02.2016.MEM.at.UTA,3,37.0,944.8451928851514,true,2.0
01.02.2016.MEM.at.UTA,3,27.9,210.84229167135692,false,2.0
01.02.2016.MEM.at.UTA,3,4.9,477.74756730005413,false,2.0
01.02.2016.MEM.at.UTA,3,1.0,88.49081165285,false,3.0
01.02.2016.MEM.at.UTA,4,693.0,497.84652085212264,false,2.0
01.02.2016.MEM.at.UTA,4,679.0,565.33387384535,true,2.0
01.02.2016.MEM.at.UTA,4,650.0,627.358063429871,false,2.0
01.02.2016.MEM.at.UTA,4,642.0,593.55273068888,false,2.0
01.02.2016.MEM.at.UTA,4,628.0,433.6133150764405,false,3.0
01.02.2016.MEM.at.UTA,4,610.0,793.0654289152179,false,2.0
01.02.2016.MEM.at.UTA,4,582.0,379.0223148523079,true,2.0
01.02.2016.MEM.at.UTA,4,544.0,465.29890740712653,true,3.0
01.02.2016.MEM.at.UTA,4,530.0,448.009790658524,false,2.0
01.02.2016.MEM.at.UTA,4,517.0,568.8383159557412,false,2.0
01.02.2016.MEM.at.UTA,4,494.0,374.39616181201194,false,2.0
01.02.2016.MEM.at.UTA,4,477.0,585.3115686238402,false,3.0
01.02.2016.MEM.at.UTA,4,463.0,606.3622291617196,false,2.0
01.02.2016.MEM.at.UTA,4,436.0,580.3218065411245,false,2.0
01.02.2016.MEM.at.UTA,4,426.0,432.32812242790624,false,2.0
01.02.2016.MEM.at.UTA,4,410.0,302.0943608288744,true,2.0
01.02.2016.MEM.at.UTA,4,393.0,441.3999392621029,true,2.0
01.02.2016.MEM.at.UTA,4,366.0,363.6294920444885,false,2.0
01.02.2016.MEM.at.UTA,4,350.0,414.73752883301404,true,3.0
01.02.2016.MEM.at.UTA,4,310.0,510.74137228925895,false,3.0
01.02.2016.MEM.at.UTA,4,300.0,588.445196429024,false,3.0
01.02.2016.MEM.at.UTA,4,275.0,297.5428779712125,false,2.0
01.02.2016.MEM.at.UTA,4,268.0,1103.5056381937281,false,3.0
01.02.2016.MEM.at.UTA,4,254.0,500.1621407493549,false,2.0
01.02.2016.MEM.at.UTA,4,250.0,571.6346182177926,false,2.0
01.02.2016.MEM.at.UTA,4,245.0,560.072367208075,false,2.0
01.02.2016.MEM.at.UTA,4,179.0,350.57950247018294,false,2.0
01.02.2016.MEM.at.UTA,4,173.0,381.33942019090966,true,2.0
01.02.2016.MEM.at.UTA,4,154.0,550.9383475592379,false,2.0
01.02.2016.MEM.at.UTA,4,146.0,465.4143798043863,true,2.0
01.02.2016.MEM.at.UTA,4,129.0,681.5453787343275,true,2.0
01.02.2016.MEM.at.UTA,4,99.0,841.3336685157442,true,2.0
01.02.2016.MEM.at.UTA,4,64.0,654.3697077490641,false,2.0
01.02.2016.MEM.at.UTA,4,42.2,689.725629183904,true,2.0
01.02.2016.MEM.at.UTA,4,0.9,679.4545925885342,false,2.0
01.02.2016.MEM.at.UTA,5,262.0,345.7794465100534,true,2.0
01.02.2016.MEM.at.UTA,5,244.0,578.1594773249209,true,2.0
01.02.2016.MEM.at.UTA,5,201.0,417.82778211379997,false,3.0
01.02.2016.MEM.at.UTA,5,179.0,681.0551725157292,false,3.0
01.02.2016.MEM.at.UTA,5,142.0,708.8133292019198,false,2.0
01.02.2016.MEM.at.UTA,5,123.0,297.36809569248095,false,2.0
01.02.2016.MEM.at.UTA,5,106.0,452.4701348792583,false,2.0
01.02.2016.MEM.at.UTA,5,85.0,688.0631722412817,false,3.0
01.02.2016.MEM.at.UTA,5,52.9,511.016882613819,false,2.0
01.02.2016.MEM.at.UTA,5,19.8,696.6399788684683,false,2.0
01.02.2016.MEM.at.UTA,5,3.9,397.84903248458335,false,3.0
